id,name,start_date,distance_km,moving_time_min,elevation_m,type,average_speed_kmh,pr_count,kudos
17262207383,Afternoon Walk,2026-02-02 16:18:54+00:00,3.0019,35.833333333333336,0.0,root='Walk',5.0256,0,12
17255191279,Morning Workout,2026-02-01 06:46:05+00:00,0.0,38.11666666666667,0.0,root='Workout',0.0,0,11
17190823890,Afternoon Walk,2026-01-26 16:34:13+00:00,2.3861,25.95,0.0,root='Walk',5.5152,0,17
17169807091,M√°r megint t√∫l kor√°n le√°llt! ü•¥,2026-01-25 06:45:02+00:00,0.0,23.166666666666668,0.0,root='Workout',0.0,0,20
17089047593,Morning Workout,2026-01-18 06:58:52+00:00,0.0,51.78333333333333,0.0,root='Workout',0.0,0,28
17028026539,Afternoon Walk,2026-01-12 16:09:07+00:00,3.0114,37.0,0.0,root='Walk',4.881600000000001,0,17
16998196038,Morning Workout,2026-01-10 08:05:59+00:00,0.0,58.4,0.0,root='Workout',0.0,0,24
16998195953,Morning Weight Training,2026-01-10 07:06:24+00:00,0.0,37.93333333333333,0.0,root='WeightTraining',0.0,0,24
16871154773,Morning Ride,2025-12-29 07:32:40+00:00,28.1791,86.1,233.1,root='Ride',19.638,0,33
16864999774,Morning Ride,2025-12-28 07:21:06+00:00,50.453900000000004,132.5,226.6,root='Ride',22.8456,6,25
16843480443,Morning Weight Training,2025-12-26 06:58:20+00:00,0.0,24.966666666666665,0.0,root='WeightTraining',0.0,0,23
16824135185,Morning Ride,2025-12-23 07:24:14+00:00,50.2853,141.45,226.7,root='Ride',21.33,0,21
16793668887,Morning Ride,2025-12-20 07:18:12+00:00,58.5413,164.96666666666667,369.7,root='Ride',21.290399999999998,0,28
16782803991,Morning Weight Training,2025-12-19 06:58:55+00:00,0.0,61.85,0.0,root='WeightTraining',0.0,0,27
16738942138,Morning Ride,2025-12-14 07:10:24+00:00,59.73,182.5,368.5,root='Ride',19.638,0,26
16727928542,K√∂d ü´•üò∂‚Äçüå´Ô∏èü´•,2025-12-13 07:07:45+00:00,12.621799999999999,41.13333333333333,163.1,root='Ride',18.4104,0,32
16727928508,Morning Weight Training,2025-12-13 07:00:48+00:00,0.0,41.4,0.0,root='WeightTraining',0.0,0,26
16675443612,Csup√°n egy Lesence k√∂r,2025-12-07 12:58:14+00:00,10.362200000000001,31.933333333333334,151.9,root='Ride',19.4688,0,35
16675443479,Afternoon Walk,2025-12-06 15:18:56+00:00,1.1616,25.233333333333334,34.2,root='Walk',2.7612,0,14
16665116565,Kihalt minden!,2025-12-06 07:33:30+00:00,58.8464,169.16666666666666,370.3,root='Ride',20.8728,0,34
16612196092,√öjra egy j√≥ kis k√∂r!,2025-11-30 06:51:26+00:00,55.5622,164.23333333333332,301.0,root='Ride',20.3004,0,30
16597167587,Ma csak ilyen r√∂vidke,2025-11-29 07:01:30+00:00,16.0975,53.416666666666664,197.4,root='Ride',18.0828,0,30
16473399025,Teker√©s fel √©s al√°,2025-11-16 07:00:44+00:00,32.37,98.15,289.8,root='Ride',19.7892,0,32
16461630573,K√∂d ü´•üò∂‚Äçüå´Ô∏èü´•,2025-11-15 06:47:08+00:00,19.9076,61.96666666666667,253.9,root='Ride',19.2744,0,27
16396907220,RHR Balatonederics - NoPara Halloween,2025-11-08 11:01:47+00:00,25.819,339.28333333333336,693.8,root='Walk',4.5648,0,34
16328388769,Morning Ride,2025-11-02 08:05:50+00:00,10.165899999999999,28.3,33.5,root='Ride',21.5532,0,29
16328388721,10k vas√°rnapra,2025-11-02 06:51:43+00:00,10.523100000000001,65.18333333333334,0.0,root='Run',9.6876,0,31
16327672042,Morning Ride,2025-11-02 06:24:26+00:00,6.107,16.916666666666668,13.6,root='Ride',21.6612,0,29
16318127427,Morning Ride,2025-11-01 08:35:16+00:00,10.513399999999999,29.616666666666667,37.9,root='Ride',21.297600000000003,0,29
16318127368,Morning! 15k,2025-11-01 06:51:50+00:00,15.2281,94.1,0.0,root='Run',9.709200000000001,0,33
16317541032,Morning Ride,2025-11-01 06:24:31+00:00,6.0851999999999995,17.066666666666666,13.6,root='Ride',21.3948,0,24
16259083429,Morning Ride,2025-10-26 07:51:49+00:00,10.6357,30.75,38.1,root='Ride',20.753999999999998,0,25
16259083477,Morning Run,2025-10-26 06:41:38+00:00,10.084200000000001,59.81666666666667,6.2,root='Run',10.116,0,32
16257666402,Morning Ride,2025-10-26 06:19:45+00:00,6.096100000000001,16.366666666666667,13.6,root='Ride',22.3488,0,25
16247981041,Morning Ride,2025-10-25 08:48:22+00:00,7.9068000000000005,21.566666666666666,14.8,root='Ride',21.996000000000002,0,26
16247981080,A m√°r m√°r szok√°sos h√©tv√©gi program,2025-10-25 07:38:59+00:00,10.373700000000001,64.1,2.1,root='Run',9.709200000000001,0,32
16247530802,Morning Ride,2025-10-25 07:14:28+00:00,6.0788,17.216666666666665,13.6,root='Ride',21.186,0,25
16229574695,Morning Ride,2025-10-23 08:35:25+00:00,10.1708,27.933333333333334,33.5,root='Ride',21.8448,0,27
16229574727,Reggeli üèÉ‚Äç‚ôÇÔ∏è,2025-10-23 07:27:28+00:00,11.1361,64.08333333333333,2.1,root='Run',10.4256,1,35
16228872976,Morning Ride,2025-10-23 07:06:18+00:00,6.0903,16.333333333333332,13.6,root='Ride',22.374,0,25
16187254888,Morning Ride,2025-10-19 08:39:42+00:00,10.4082,29.483333333333334,33.4,root='Ride',21.1824,0,26
16187254930,Morning Run,2025-10-19 07:25:44+00:00,11.2563,68.6,0.0,root='Run',9.846,1,32
16186798965,Morning Ride,2025-10-19 07:01:33+00:00,6.1017,16.6,13.6,root='Ride',22.053600000000003,0,23
16153859015,Afternoon Walk,2025-10-14 16:46:25+00:00,4.2473,54.43333333333333,176.0,root='Walk',4.680000000000001,0,18
16123107609,Morning Ride,2025-10-12 08:25:52+00:00,12.7639,35.38333333333333,42.9,root='Ride',21.6432,2,24
16123107628,Morning Run,2025-10-12 07:10:57+00:00,10.6477,69.01666666666667,0.0,root='Run',9.255600000000001,0,21
16112417831,Morning Ride,2025-10-12 06:49:29+00:00,6.0966000000000005,16.35,13.6,root='Ride',22.374,0,29
16102473653,Morning Ride,2025-10-11 08:39:57+00:00,10.1578,27.15,33.5,root='Ride',22.4496,0,33
16102473710,Tapolcai k√∂r√∂k,2025-10-11 07:16:22+00:00,12.247200000000001,76.01666666666667,0.0,root='Run',9.666,0,35
16101607434,Morning Ride,2025-10-11 06:54:35+00:00,6.0893999999999995,15.266666666666667,13.6,root='Ride',23.9328,0,24
16022401961,Afternoon Walk,2025-10-03 15:45:56+00:00,7.6698,84.63333333333334,15.3,root='Walk',5.436,0,24
16017317443,Morning Walk,2025-10-01 06:37:19+00:00,5.5583,70.05,5.2,root='Walk',4.759200000000001,0,19
15962645168,Morning Ride,2025-09-28 06:49:24+00:00,59.5369,174.9,377.6,root='Ride',20.422800000000002,0,34
15951867298,Lunch Walk,2025-09-27 11:22:22+00:00,7.3271999999999995,91.31666666666666,30.8,root='Walk',4.8132,0,29
15948861913,Afternoon Walk,2025-09-26 16:27:41+00:00,9.3384,122.38333333333334,267.7,root='Walk',4.5792,0,31
15941769871,Gyors GeoGO,2025-09-26 07:39:58+00:00,6.2496,69.86666666666666,5.3,root='Walk',5.3676,0,25
15884676089,Gurul√°s a fut√≥p√°ly√°t√≥l,2025-09-21 08:39:02+00:00,6.8132,19.1,10.6,root='Ride',21.402,0,29
15884676091,"15k, csak el≈ëre!",2025-09-21 07:01:30+00:00,15.1555,92.18333333333334,0.0,root='Run',9.864,0,35
15883205723,Morning Ride,2025-09-21 06:37:30+00:00,6.352600000000001,18.216666666666665,15.3,root='Ride',20.9232,0,29
15873417429,A nagyobb fajta edz≈ë k√∂r√∂m üí™,2025-09-20 06:29:22+00:00,74.4802,220.05,477.0,root='Ride',20.3076,0,37
15862332858,Reggeli r√∂vidke,2025-09-19 06:15:05+00:00,5.5684,32.766666666666666,0.0,root='Run',10.1952,0,30
15856632793,GeoGo s√©ta,2025-09-18 16:10:05+00:00,12.1228,137.1,63.2,root='Walk',5.3064,0,31
15815522391,Evening Ride,2025-09-14 18:15:56+00:00,10.604299999999999,33.35,156.1,root='Ride',19.08,0,27
15804208572,Morning Ride,2025-09-14 07:51:13+00:00,6.4175,16.85,9.7,root='Ride',22.8528,0,32
15804208603,K√∂rbefutottam mindent is!,2025-09-14 06:43:06+00:00,10.4683,64.58333333333333,3.1,root='Run',9.723600000000001,2,36
15803918405,Morning Ride,2025-09-14 06:21:27+00:00,6.1765,16.783333333333335,15.3,root='Ride',22.082400000000003,0,33
15796218197,A nagy k√∂r,2025-09-13 06:15:36+00:00,73.4885,206.26666666666668,443.2,root='Ride',21.3768,1,34
15713634166,H≈ës√©gt≈ël mentes friss reggel,2025-09-06 06:19:00+00:00,5.690300000000001,32.983333333333334,0.0,root='Run',10.35,0,36
15687399797,Afternoon Walk,2025-09-03 16:19:05+00:00,3.8654,42.28333333333333,2.8,root='Walk',5.486400000000001,0,27
15679770599,Afternoon Ride,2025-09-02 17:10:33+00:00,11.004700000000001,32.36666666666667,157.1,root='Ride',20.4012,0,25
15652423292,Afternoon Ride,2025-08-31 17:43:59+00:00,13.533,38.36666666666667,162.2,root='Ride',21.1644,0,33
15633645239,Zuh√© nem volt! üí™ üéâ,2025-08-30 06:13:16+00:00,64.69919999999999,184.05,401.5,root='Ride',21.0924,0,34
15565442988,Badacsony üòò,2025-08-24 06:18:26+00:00,52.347199999999994,153.66666666666666,273.6,root='Ride',20.4408,0,36
15554670831,A szok√°sos szombati,2025-08-23 06:12:26+00:00,61.2115,187.5,377.9,root='Ride',19.5876,0,35
15553230577,Lunch Ride,2025-08-22 11:49:44+00:00,48.4531,141.43333333333334,247.0,root='Ride',20.556,2,29
15531909929,Morning Ride,2025-08-21 06:17:58+00:00,13.5075,42.93333333333333,162.3,root='Ride',18.8784,0,30
15521720002,Morning Ride,2025-08-20 05:56:40+00:00,73.3994,220.33333333333334,432.6,root='Ride',19.987199999999998,1,35
15509078245,Morning Ride,2025-08-19 06:01:11+00:00,62.1609,176.68333333333334,374.9,root='Ride',21.1104,0,31
15496675840,Egyszer≈±en gy√∂ny√∂r≈±! üòç,2025-08-18 06:07:27+00:00,7.2648,57.733333333333334,188.3,root='Run',7.5492,0,37
15485121662,Kocog√°ss√° szelid√ºlt v√°rosn√©z√©s,2025-08-17 06:09:53+00:00,10.2186,77.56666666666666,118.1,root='Run',7.905600000000001,0,38
15406956453,√âjszakai t√∫ra RHR Balatonederics ü¶âü¶áüåå,2025-08-09 16:03:00+00:00,26.5645,383.78333333333336,686.1,root='Walk',4.1544,0,31
15395634356,Morning Ride,2025-08-09 05:51:07+00:00,64.9132,183.3,400.2,root='Ride',21.2472,0,33
15326273292,"A szok√°sos, k√©rem!",2025-08-03 05:42:12+00:00,51.7315,148.06666666666666,300.3,root='Ride',20.9628,0,37
15323464007,√ñd√∂n-forr√°s,2025-08-02 17:26:29+00:00,2.513,54.266666666666666,5.5,root='Walk',2.7792000000000003,0,27
15315756413,√Åbrah√°mhegy - Keszthely,2025-08-02 05:39:29+00:00,82.3749,231.21666666666667,507.0,root='Ride',21.3768,1,45
15279455277,Afternoon Walk,2025-07-29 16:07:47+00:00,4.1807,50.9,2.3,root='Walk',4.9284,0,33
15263609749,Lunch Ride,2025-07-28 12:09:37+00:00,74.42869999999999,220.71666666666667,470.2,root='Ride',20.232,0,40
15241356114,"R√∂vidke, mert reggel riogatott az es≈ë üò≠ü•∫",2025-07-26 13:34:35+00:00,11.3937,34.86666666666667,161.5,root='Ride',19.6056,0,35
15172495353,Reggeli bolyong√≥s,2025-07-20 05:43:27+00:00,52.0329,147.83333333333334,254.0,root='Ride',21.1176,0,36
15161757588,A szok√°sos üö¥,2025-07-19 05:42:25+00:00,64.8405,182.86666666666667,368.6,root='Ride',21.276,2,41
15158224635,√ân vagyok a k√≠s√©r≈ë üêåüêåüêåüêå,2025-07-18 17:29:03+00:00,46.3816,203.13333333333333,233.1,root='Ride',13.701600000000001,1,39
15103276298,D√©lut√°ni Badacsony,2025-07-13 17:09:17+00:00,48.8732,131.01666666666668,257.2,root='Ride',22.3812,0,47
15085482026,Morning Ride,2025-07-12 05:28:04+00:00,63.9996,183.28333333333333,403.0,root='Ride',20.952,0,38
15016661044,Megker√ºlve ‚úÖ Ajt√≥t√≥l ajt√≥ig,2025-07-05 04:50:54+00:00,238.526,738.6333333333333,728.9,root='Ride',19.3752,37,45
14996514898,Afternoon Ride,2025-07-03 17:04:44+00:00,51.7914,136.91666666666666,256.0,root='Ride',22.6944,0,36
14976067383,"Megcs√≠pett, √°√∫√∫! ü´£üòÖ",2025-07-01 17:19:26+00:00,68.2515,185.61666666666667,390.4,root='Ride',22.0608,0,36
14948283173,"Kocog√≥s, liheg≈ës ü•µü•µ",2025-06-29 05:55:54+00:00,5.9313,38.25,0.0,root='Run',9.3024,0,42
14939031654,√Åbrah√°mhegy - Keszthely t√∂k√©letes reggeli k√∂r,2025-06-28 05:37:03+00:00,83.5107,225.63333333333333,508.6,root='Ride',22.208399999999997,3,40
14914000415,Edz√©s √©s edz√©s,2025-06-25 17:01:08+00:00,61.5681,166.78333333333333,378.3,root='Ride',22.1508,2,33
14892548446,Afternoon Ride,2025-06-23 17:10:58+00:00,52.6367,136.91666666666666,281.4,root='Ride',23.0652,5,43
14866547904,Morning Ride,2025-06-21 05:03:09+00:00,68.2777,199.5,408.4,root='Ride',20.534399999999998,0,40
14852683221,Tomajok,2025-06-19 17:21:13+00:00,52.5088,138.06666666666666,281.1,root='Ride',22.820400000000003,4,40
14796861255,Gerecse 50. S√°r helyett porban √©s j√≥ kis melegben.,2025-06-14 06:16:21+00:00,50.0836,555.2,1442.2,root='Walk',5.4108,0,36
14746518632,D√©lut√°ni nagy k√∂r üö¥üòç,2025-06-09 15:23:19+00:00,72.6491,211.1,452.8,root='Ride',20.6496,0,45
14729821659,Morning Run,2025-06-08 05:44:39+00:00,8.1799,50.55,5.6,root='Run',9.709200000000001,0,37
14690181148,"Huh, h≈ës√©g! ü•µ",2025-06-04 05:16:41+00:00,5.6773,37.75,0.0,root='Run',9.0252,0,31
14687197544,Afternoon Walk,2025-06-03 17:16:05+00:00,7.415100000000001,75.65,16.1,root='Walk',5.8824,0,29
14678988953,Hossz√∫ id≈ë ut√°n √∫jra üèÉ,2025-06-03 05:31:59+00:00,4.7337,28.183333333333334,0.0,root='Run',10.0764,0,40
14658307462,Morning Ride,2025-06-01 05:27:53+00:00,56.5102,160.91666666666666,316.3,root='Ride',21.0708,1,42
14647837875,Seg√≠t≈ë jobbot ny√∫jtottam,2025-05-31 05:23:44+00:00,65.8905,183.35,409.1,root='Ride',21.564,0,31
14639354992,Morning Walk,2025-05-30 05:16:58+00:00,5.7863,65.58333333333333,221.1,root='Walk',5.292,0,34
14586533017,Tapolca - Badacsony - Szigliget,2025-05-25 05:33:50+00:00,58.739599999999996,167.73333333333332,289.1,root='Ride',21.0132,0,34
14577102673,H√©tv√©ge!,2025-05-24 06:13:00+00:00,63.8504,175.4,399.9,root='Ride',21.8412,0,43
14514912902,V√©gre egy nagy k√∂r a h√©ten! üòçüö¥,2025-05-18 05:30:55+00:00,73.39160000000001,208.68333333333334,458.2,root='Ride',21.0996,0,35
14504103637,Reggeli bemeleg√≠t√©s,2025-05-17 06:15:11+00:00,11.0803,33.416666666666664,156.2,root='Ride',19.8936,0,30
14442176974,Morning Ride,2025-05-11 05:34:07+00:00,58.6036,164.16666666666666,301.1,root='Ride',21.42,0,45
14431591731,Morning Ride,2025-05-10 05:32:24+00:00,61.4666,172.85,378.5,root='Ride',21.3372,0,38
14371339291,Morning Ride,2025-05-04 06:41:21+00:00,53.9116,140.0,265.9,root='Ride',23.1048,2,42
14360592847,Morning Ride,2025-05-03 05:27:56+00:00,14.107299999999999,42.416666666666664,164.5,root='Ride',19.954800000000002,0,39
14351147940,Morning Ride,2025-05-02 05:24:25+00:00,59.7074,180.56666666666666,381.4,root='Ride',19.8396,0,37
14339863569,√Åkos f√©le t√©rk√©p k√∂r üòÅüö¥,2025-05-01 05:14:50+00:00,81.5929,217.68333333333334,506.7,root='Ride',22.4892,7,35
14297889056,Kellemes reggeli hajt√°s üö¥üòÅ,2025-04-27 05:37:19+00:00,74.95060000000001,206.51666666666668,460.2,root='Ride',21.776400000000002,3,42
14238246322,Morning Ride,2025-04-21 06:02:53+00:00,9.693700000000002,31.75,152.4,root='Ride',18.320400000000003,0,41
14229007079,Morning Ride,2025-04-20 05:32:20+00:00,53.675599999999996,155.88333333333333,381.5,root='Ride',20.6604,0,43
14219134498,Csup√°n a j√≥l megszokott edz≈ëk√∂r,2025-04-19 05:43:29+00:00,59.3928,168.78333333333333,376.3,root='Ride',21.114,0,37
14175315526,Afternoon Walk,2025-04-14 16:07:19+00:00,4.0087,47.0,2.4,root='Walk',5.1192,0,29
14161584164,Badacsony!,2025-04-13 05:52:13+00:00,53.6869,150.01666666666668,259.3,root='Ride',21.474,0,38
14151705765,Kellemes tavaszi reggeli üö¥‚òÄÔ∏è,2025-04-12 05:55:40+00:00,59.280199999999994,165.18333333333334,376.3,root='Ride',21.5316,0,40
14094417727,Reggeli szeles ü•∂ √©s megint a Zepp...,2025-04-06 04:05:46+00:00,64.8,193.0,0.0,root='Ride',20.1456,0,31
14092900398,Afternoon Walk,2025-04-04 17:14:35+00:00,3.5212,72.51666666666667,207.3,root='Walk',2.9124000000000003,0,18
14026142860,√Åzva √©s √°zva üòÖ,2025-03-30 06:18:27+00:00,62.9246,176.21666666666667,408.3,root='Ride',21.4236,1,39
13964757745,Afternoon Ride,2025-03-23 14:41:21+00:00,13.414399999999999,39.03333333333333,161.5,root='Ride',20.6208,0,39
13953133230,Lepke 25 √©s egy bug...,2025-03-22 11:30:39+00:00,24.4,308.01666666666665,0.0,root='Hike',4.752000000000001,0,41
13894877947,J√≥l esett! ‚õàÔ∏è,2025-03-16 05:52:32+00:00,59.2057,166.35,374.2,root='Ride',21.355200000000004,0,41
13893287698,Morning Ride,2025-03-15 08:21:57+00:00,13.4115,40.0,162.1,root='Ride',20.1168,0,26
13873162938,Afternoon Walk,2025-03-12 16:09:11+00:00,4.0838,49.46666666666667,2.8,root='Walk',4.9536,0,22
13849047566,Turul √©s kil√°t√≥ üòç,2025-03-11 06:05:28+00:00,5.6598999999999995,62.65,219.6,root='Walk',5.4216,0,36
13829665137,Morning Ride,2025-03-09 05:57:25+00:00,59.8837,165.46666666666667,376.2,root='Ride',21.7152,0,37
13827672864,Afternoon Walk,2025-03-03 16:05:19+00:00,4.3652,53.85,2.8,root='Walk',4.8636,0,12
13772149302,Morning Ride,2025-03-02 06:06:02+00:00,54.0631,156.43333333333334,266.1,root='Ride',20.736,2,32
13757717889,Itt a tavasz! üåû,2025-03-01 06:21:33+00:00,65.18180000000001,188.05,407.1,root='Ride',20.7972,0,41
13753221103,Afternoon Ride,2025-02-28 16:43:09+00:00,13.2115,40.61666666666667,161.2,root='Ride',19.515600000000003,0,32
13725225600,Afternoon Ride,2025-02-25 16:36:32+00:00,12.861799999999999,38.733333333333334,161.2,root='Ride',19.9224,0,30
13721437407,Afternoon Walk,2025-02-24 16:15:10+00:00,3.2243000000000004,41.45,2.3,root='Walk',4.6656,0,23
13706545401,S√©ta a Bar√°tlak√°sokhoz,2025-02-23 12:58:57+00:00,1.8612,38.85,59.3,root='Walk',2.8728000000000002,0,32
13702660471,Morning Ride,2025-02-23 06:25:55+00:00,52.4826,150.5,263.8,root='Ride',20.9232,2,35
13698383911,Egy k√∂nnyed s√©ta,2025-02-22 14:29:43+00:00,2.1161,47.6,0.0,root='Walk',2.6676,0,23
13698384114,Morning Ride,2025-02-22 06:29:18+00:00,58.7172,172.66666666666666,373.7,root='Ride',20.4048,0,24
13689217211,Afternoon Ride,2025-02-21 16:34:10+00:00,10.6253,32.61666666666667,156.8,root='Ride',19.544400000000003,0,31
13679465601,Afternoon Ride,2025-02-20 16:36:35+00:00,13.4064,40.8,161.9,root='Ride',19.7136,0,37
13670639432,Afternoon Ride,2025-02-19 16:43:01+00:00,11.1837,35.28333333333333,157.0,root='Ride',19.018800000000002,0,33
13669115963,Gurul√°s,2025-02-18 16:39:02+00:00,10.6269,32.35,156.8,root='Ride',19.71,0,31
13645764551,Afternoon Ride,2025-02-16 15:48:20+00:00,10.628200000000001,35.8,156.9,root='Ride',17.812800000000003,0,33
13645764793,Morning Ride,2025-02-16 06:44:26+00:00,47.9899,135.28333333333333,336.6,root='Ride',21.2832,2,30
13631737405,"Szeles, de ragyog√≥ naps√ºt√©s! üåû",2025-02-15 06:50:58+00:00,63.1136,184.21666666666667,387.0,root='Ride',20.556,0,41
13627826281,Meggy√≥gy√≠tva üòç,2025-02-14 16:36:39+00:00,10.616200000000001,32.3,156.5,root='Ride',19.7208,0,34
13619983320,A l√°nc elk√∂sz√∂nt ‚õìÔ∏è,2025-02-13 16:34:20+00:00,6.405600000000001,20.483333333333334,138.4,root='Ride',18.7632,0,35
13602365631,Afternoon Ride,2025-02-11 16:39:24+00:00,10.6213,30.633333333333333,156.4,root='Ride',20.8044,0,35
13583295691,Afternoon Ride,2025-02-09 15:38:27+00:00,10.7027,32.583333333333336,157.1,root='Ride',19.71,0,42
13581839065,Morning Ride,2025-02-09 06:44:53+00:00,59.8797,168.16666666666666,380.8,root='Ride',21.366,0,34
13566489430,Afternoon Ride,2025-02-07 16:29:12+00:00,10.4238,31.366666666666667,156.7,root='Ride',19.9404,0,37
13550342641,Afternoon Ride,2025-02-05 16:39:04+00:00,10.426200000000001,31.833333333333332,156.5,root='Ride',19.6524,0,31
13529017648,Afternoon Walk,2025-02-03 16:05:37+00:00,3.7121999999999997,45.28333333333333,2.4,root='Walk',4.9176,0,7
13518270560,Hello T√≥ti!,2025-02-02 06:53:05+00:00,44.6565,133.43333333333334,314.3,root='Ride',20.0808,0,34
13508107919,Morning Ride,2025-02-01 06:53:11+00:00,60.522800000000004,171.43333333333334,386.7,root='Ride',21.1824,0,37
13503547399,Lesence k√∂r.,2025-01-31 16:16:47+00:00,10.4289,31.15,156.9,root='Ride',20.088,0,34
13454791502,Az idei els≈ë Badacsonyi √∫t,2025-01-26 06:58:14+00:00,54.6246,157.23333333333332,308.3,root='Ride',20.844,0,42
13446745792,Itt a tavasz?! üå°Ô∏è,2025-01-25 07:04:19+00:00,64.8324,182.4,384.8,root='Ride',21.326400000000003,1,42
13393759108,"K√∂d√∂s √©s hideg, de j√≥ volt!",2025-01-19 07:36:36+00:00,35.1526,108.31666666666666,361.0,root='Ride',19.4724,1,41
13331755976,Morning Ride,2025-01-12 08:16:08+00:00,24.3445,75.95,194.7,root='Ride',19.231199999999998,0,40
13323283799,K√∂d√∂s fagyos ü§óü•∂,2025-01-11 08:36:48+00:00,59.9266,173.81666666666666,377.3,root='Ride',20.6856,0,44
13250218761,Lunch Ride,2025-01-02 12:41:13+00:00,13.5566,40.983333333333334,161.5,root='Ride',19.8468,0,32
13224548047,Lass√∫ a k√∂dben,2024-12-30 14:46:09+00:00,18.132099999999998,74.56666666666666,61.1,root='Ride',14.5908,0,43
13213989865,Morning Ride,2024-12-29 08:39:23+00:00,28.8135,81.51666666666667,204.6,root='Ride',21.2076,0,39
13213989772,Morning Ride,2024-12-28 08:59:33+00:00,13.560799999999999,42.266666666666666,161.6,root='Ride',19.249200000000002,0,27
13205451521,Kenuz√°s H√©v√≠zen,2024-12-27 09:16:48+00:00,7.9,106.0,0.0,root='Canoeing',4.4712000000000005,0,27
13194249681,üêåüö¥‚Äç‚ôÇÔ∏è,2024-12-26 13:22:34+00:00,14.7561,60.916666666666664,41.8,root='Ride',14.5332,0,37
13194249697,Morning Ride,2024-12-26 09:28:52+00:00,16.3001,51.583333333333336,309.8,root='Ride',18.9612,0,26
13174013034,Szeles ü•∂,2024-12-23 11:01:54+00:00,10.6256,33.78333333333333,156.7,root='Ride',18.8712,0,35
13166047668,Morning Ride,2024-12-22 07:39:33+00:00,25.4638,75.61666666666666,200.6,root='Ride',20.203200000000002,0,39
13159595576,Morning Ride,2024-12-21 07:43:07+00:00,18.5758,60.96666666666667,302.6,root='Ride',18.280800000000003,0,34
13154636836,"Szeles, de tiszta id≈ë! üòç",2024-12-20 08:52:32+00:00,66.4193,202.8,396.7,root='Ride',19.6524,1,36
13118544314,Morning Ride,2024-12-15 07:29:18+00:00,27.8793,79.2,208.0,root='Ride',21.1212,0,43
13112354185,"Es≈ës, k√∂d√∂s...",2024-12-14 09:52:58+00:00,34.0795,98.78333333333333,322.5,root='Ride',20.7,0,41
13069816755,K√∂d√∂s reggeli k√∂r üå´Ô∏è,2024-12-08 07:24:21+00:00,16.9617,54.1,271.9,root='Ride',18.81,0,42
13050495112,Reggeli Turul,2024-12-05 07:13:52+00:00,4.1566,52.516666666666666,173.1,root='Walk',4.7484,0,35
13043287657,A nagy k√∂dben üå´Ô∏è,2024-12-04 07:10:18+00:00,3.7995,51.0,163.1,root='Walk',4.4712000000000005,0,37
13020669618,Morning Ride,2024-12-01 07:10:22+00:00,32.3327,95.98333333333333,315.4,root='Ride',20.2104,0,33
13013618731,"K√©t r√©szletben, mert le√°llt! ü§¨",2024-11-30 07:55:15+00:00,24.0845,69.0,152.7,root='Ride',20.9448,0,34
13013618864,Morning Ride,2024-11-30 07:19:07+00:00,10.8179,33.5,175.5,root='Ride',19.3752,0,37
13007480142,Morning Walk,2024-11-29 07:43:18+00:00,3.8082,46.56666666666667,166.9,root='Walk',4.9068000000000005,0,34
12970034203,Reggeli √∂ssze-vissza üòÅüö¥‚Äç‚ôÇÔ∏è,2024-11-24 07:10:14+00:00,33.7894,99.65,318.2,root='Ride',20.3436,0,38
12963919070,Szeles √©s jeges volt ‚ùÑÔ∏è,2024-11-23 08:31:31+00:00,10.593,34.833333333333336,156.1,root='Ride',18.244799999999998,0,40
12919253995,Morning Ride,2024-11-17 06:51:30+00:00,50.6563,145.21666666666667,323.6,root='Ride',20.930400000000002,0,39
12911290135,H√©tv√©gi szok√°sos,2024-11-16 06:46:17+00:00,60.0518,165.56666666666666,386.6,root='Ride',21.762,1,33
12866444731,K√∂d√∂s reggel volt ism√©t üö¥‚Äç‚ôÇÔ∏èüå´Ô∏èü´£,2024-11-10 06:59:53+00:00,50.851099999999995,143.26666666666668,323.7,root='Ride',21.297600000000003,2,39
12858187553,Nagyon k√∂d√∂s üå´Ô∏èüö¥‚Äç‚ôÇÔ∏è,2024-11-09 06:59:03+00:00,62.1962,177.61666666666667,386.4,root='Ride',21.009600000000002,2,34
12810216732,M√°r egy kicsivel hidegebb volt a reggel,2024-11-03 06:21:35+00:00,61.3168,183.4,377.9,root='Ride',20.0592,0,41
12802872036,Mostan√°ban nagyon defektes vagyok... De hazatoltam! üòÅ,2024-11-02 08:56:02+00:00,6.8498,63.71666666666667,57.6,root='Walk',6.4512,0,30
12802872054,Erdei utakon,2024-11-02 06:23:38+00:00,50.3752,148.53333333333333,385.6,root='Ride',20.3508,0,31
12795003040,"K√∂d√∂s, de kellemes reggel! üö¥‚Äç‚ôÇÔ∏è",2024-11-01 06:27:04+00:00,62.4863,171.35,397.6,root='Ride',21.8808,0,36
12758375237,Csal√°di lass√∫ üêåüêå,2024-10-27 14:56:44+00:00,1.4927000000000001,34.85,7.3,root='Walk',2.5704,0,28
12758375184,Lunch Walk,2024-10-27 12:53:22+00:00,1.352,36.083333333333336,72.4,root='Walk',2.2464,0,23
12755083884,√Ålmos ≈ëszi reggel a Balatonon,2024-10-27 06:21:01+00:00,51.407199999999996,146.93333333333334,323.1,root='Ride',20.991600000000002,1,30
12740969463,"Ford√≠tott ir√°ny, v√≠z elker√ºl√©ssel... ‚ò∫Ô∏èüòè",2024-10-25 10:25:32+00:00,61.194900000000004,166.91666666666666,380.5,root='Ride',21.996000000000002,2,31
12732717627,D√©lel≈ëtti laz√≠t√°s,2024-10-24 09:46:03+00:00,60.4586,162.36666666666667,380.9,root='Ride',22.341600000000003,1,33
12723419489,Vonyarci vizes kalandok n√©lk√ºl üòÅüòÖüö¥‚Äç‚ôÇÔ∏è,2024-10-23 07:01:30+00:00,61.475,164.93333333333334,395.8,root='Ride',22.3632,1,33
12710325256,Afternoon Ride,2024-10-21 16:45:03+00:00,15.3087,44.7,199.8,root='Ride',20.5488,0,35
12698613901,S√©ta a ker√©kp√°rral,2024-10-20 07:10:57+00:00,4.980300000000001,48.733333333333334,50.2,root='Walk',6.130800000000001,0,24
12698613280,Defekt... M√°r megint! üò≠ü§¨,2024-10-20 06:50:50+00:00,5.4074,17.266666666666666,57.8,root='Ride',18.788400000000003,0,24
12690144617,Reggeli Keszthely,2024-10-19 06:57:37+00:00,58.2203,156.41666666666666,375.8,root='Ride',22.3344,2,31
12686916110,Lesence - Uzsa - Lesence,2024-10-18 16:41:21+00:00,17.6303,53.166666666666664,216.4,root='Ride',19.8972,0,29
12686916002,Afternoon Ride,2024-10-17 16:44:26+00:00,17.575200000000002,54.36666666666667,214.3,root='Ride',19.3968,0,21
12670084271,Afternoon Walk,2024-10-15 16:50:00+00:00,6.394399999999999,75.13333333333334,227.4,root='Walk',5.1048,0,23
12650274199,Afternoon Walk,2024-10-13 16:02:40+00:00,3.8435,47.0,166.6,root='Walk',4.9068000000000005,0,26
12598493480,Afternoon Ride,2024-10-07 17:06:04+00:00,14.2023,41.43333333333333,168.1,root='Ride',20.5668,0,38
12594876011,Afternoon Ride,2024-10-06 17:32:28+00:00,10.6097,31.266666666666666,156.1,root='Ride',20.358,0,32
12587533886,Vas√°rnapi napind√≠t√≥ üö¥‚Äç‚ôÇÔ∏è,2024-10-06 06:46:32+00:00,58.824,159.9,374.6,root='Ride',22.0716,0,34
12578214171,"UGYANITT m√∫lt h√©ten az √©g szakadt r√°m, most pedig defekt",2024-10-05 06:55:27+00:00,10.9137,34.85,213.1,root='Ride',18.788400000000003,0,26
12573942263,2 nap folyamatos es≈ë ut√°n kimer√©szkedtem,2024-10-04 16:34:13+00:00,10.6403,29.5,156.9,root='Ride',21.6396,0,33
12549903541,Csup√°n egy Lesence k√∂r,2024-10-01 16:41:33+00:00,20.3598,59.36666666666667,218.1,root='Ride',20.5776,0,34
12530161164,Keszthelyi k√∂r,2024-09-29 07:02:41+00:00,51.658199999999994,151.9,363.0,root='Ride',20.4048,0,30
12520596765,Elindultam - sz√©t√°ztam - hazaj√∂ttem k√©t felvon√°sban üö¥‚Äç‚ôÇÔ∏èüí¶ü´£,2024-09-28 08:08:06+00:00,7.6498,18.65,101.9,root='Ride',24.6096,2,34
12520596793,Morning Ride,2024-09-28 06:56:54+00:00,11.1533,32.8,222.0,root='Ride',20.4012,0,26
12502247148,Lesence k√∂r üö¥‚Äç‚ôÇÔ∏èüö¥‚Äç‚ôÇÔ∏è,2024-09-25 16:48:52+00:00,17.2877,54.71666666666667,214.5,root='Ride',18.9576,0,31
12492852550,Afternoon Ride,2024-09-24 16:45:08+00:00,14.4765,42.95,175.6,root='Ride',20.224800000000002,0,26
12478102783,Afternoon Ride,2024-09-22 17:47:43+00:00,9.729700000000001,28.533333333333335,153.5,root='Ride',20.4588,0,28
12473200440,Keszthely!,2024-09-22 06:45:59+00:00,47.6574,133.41666666666666,349.3,root='Ride',21.4308,0,36
12470062934,Evening Ride,2024-09-21 18:03:06+00:00,10.9382,32.68333333333333,156.2,root='Ride',20.0808,0,26
12461361667,Tata üîµ,2024-09-20 16:20:29+00:00,26.5095,85.35,52.6,root='Ride',18.6372,5,24
12436737321,K√∂nnyed s√©ta Berlinben üö∂,2024-09-17 17:47:09+00:00,7.075,106.71666666666667,6.3,root='Walk',3.978,0,26
12393773941,Egy gyors s√©ta üòÇ,2024-09-12 16:53:49+00:00,7.357600000000001,74.68333333333334,16.6,root='Walk',5.9112,0,29
12380587163,5k reggelire,2024-09-11 06:20:36+00:00,5.694100000000001,31.15,0.0,root='Run',10.9692,0,29
12361024862,D√©lut√°ni levezet≈ë,2024-09-08 17:48:44+00:00,10.6311,31.583333333333332,156.7,root='Ride',20.196,0,15
12361025290,Keszthelyi gyors reggelre,2024-09-08 06:25:21+00:00,48.4086,129.83333333333334,350.5,root='Ride',22.370400000000004,1,17
12350341274,Afternoon Ride,2024-09-07 16:30:32+00:00,10.6402,31.166666666666668,156.7,root='Ride',20.484,0,6
12342399994,Afternoon Ride,2024-09-06 16:31:13+00:00,47.1133,140.86666666666667,348.3,root='Ride',20.0664,0,8
12325986209,Afternoon Walk,2024-09-04 17:17:09+00:00,5.4959,65.73333333333333,228.2,root='Walk',5.0148,0,6
12321107605,Napind√≠t√≥ k√∂r√∂k,2024-09-04 05:27:04+00:00,6.4343,39.333333333333336,0.0,root='Run',9.813600000000001,0,10
12317045395,A t√≥hoz √©s vissza üö¥‚Äç‚ôÇÔ∏è,2024-09-03 16:42:59+00:00,28.5611,103.36666666666666,59.7,root='Ride',16.578000000000003,4,9
12314277829,Morning Run,2024-09-03 06:07:56+00:00,5.521199999999999,30.85,0.0,root='Run',10.738800000000001,0,11
12303819339,Lesence k√∂r levezet√©sk√©nt,2024-09-01 18:02:03+00:00,10.6744,31.9,156.7,root='Ride',20.0772,0,8
12295788591,Badacsonyi karika reggel,2024-09-01 06:10:58+00:00,50.9378,142.3,323.3,root='Ride',21.477600000000002,1,7
12282980893,Afternoon Ride,2024-08-30 16:39:06+00:00,47.157,131.53333333333333,351.3,root='Ride',21.509999999999998,0,10
12274436905,Keszthelyi gyors üö¥‚Äç‚ôÇÔ∏è,2024-08-29 16:55:14+00:00,45.3146,120.28333333333333,335.2,root='Ride',22.604400000000002,3,10
12269257046,A szok√°sos ü•π,2024-08-28 16:54:08+00:00,47.9327,127.86666666666666,350.8,root='Ride',22.492800000000003,0,8
12253964176,Afternoon Ride,2024-08-26 16:51:12+00:00,47.9579,132.95,345.5,root='Ride',21.6432,0,9
12236463673,Morning Ride,2024-08-25 06:33:16+00:00,48.0806,137.3,349.4,root='Ride',21.009600000000002,0,9
12229633238,Badacsony!,2024-08-24 06:51:03+00:00,51.2008,144.35,321.8,root='Ride',21.2832,0,8
12229632906,Afternoon Ride,2024-08-23 16:40:31+00:00,48.7812,140.83333333333334,352.5,root='Ride',20.782799999999998,0,7
12216149308,Afternoon Ride,2024-08-22 16:55:49+00:00,57.9912,165.03333333333333,413.3,root='Ride',21.0852,0,9
12198993399,Besz√©lget≈ës laza k√∂r,2024-08-20 18:53:43+00:00,10.227799999999998,41.6,156.8,root='Ride',14.7528,0,7
12193245752,Morning Ride,2024-08-20 06:48:28+00:00,48.7636,145.01666666666668,352.6,root='Ride',20.174400000000002,0,7
12184993398,Badacsonyi reggeli,2024-08-19 06:30:34+00:00,50.9407,151.11666666666667,323.4,root='Ride',20.224800000000002,0,8
12182646800,H√©v√≠zi k√∂r reggelire,2024-08-18 06:22:04+00:00,60.8917,171.93333333333334,414.3,root='Ride',21.250799999999998,1,8
12165093529,Morning Walk,2024-08-16 05:38:34+00:00,3.9122,44.8,167.8,root='Walk',5.238,0,6
12155887103,Morning Ride,2024-08-15 06:16:19+00:00,18.1913,59.1,216.6,root='Ride',18.468,0,6
12142608841,A kil√°t√≥hoz,2024-08-14 05:44:21+00:00,5.7881,67.06666666666666,226.8,root='Walk',5.1768,0,8
12139906784,Csup√°n egy s√©ta a t√≥ k√∂r√ºl,2024-08-13 17:37:48+00:00,7.6416,85.3,14.3,root='Walk',5.3748000000000005,0,5
12133898009,Turul reggelre,2024-08-13 05:39:55+00:00,4.270899999999999,53.416666666666664,175.4,root='Walk',4.7988,0,7
12117651753,Morning Ride,2024-08-11 06:53:04+00:00,53.9889,158.51666666666668,336.6,root='Ride',20.433600000000002,0,5
12113682415,Afternoon Ride,2024-08-10 15:53:18+00:00,62.2395,179.43333333333334,450.2,root='Ride',20.8116,1,7
12105390526,Keszthely - H√©v√≠z,2024-08-09 16:45:06+00:00,61.008199999999995,178.93333333333334,442.2,root='Ride',20.4588,0,6
12098036854,Afternoon Ride,2024-08-08 16:46:27+00:00,49.475199999999994,136.98333333333332,350.6,root='Ride',21.672,1,7
12080072029,Keszthely üö¥‚Äç‚ôÇÔ∏è,2024-08-06 16:40:08+00:00,49.415,140.68333333333334,350.5,root='Ride',21.0744,0,5
12070185662,Afternoon Ride,2024-08-05 16:46:28+00:00,51.7141,145.9,350.8,root='Ride',21.2652,1,6
12038727538,Afternoon Ride,2024-08-01 16:36:12+00:00,59.2443,164.51666666666668,414.9,root='Ride',21.6072,0,7
12030521133,Afternoon Ride,2024-07-31 16:38:23+00:00,47.3314,132.41666666666666,348.2,root='Ride',21.4452,0,4
11999148179,Morning Ride,2024-07-28 06:44:24+00:00,10.6372,34.15,156.2,root='Ride',18.6876,0,6
11996113684,"Egy laza, besz√©lget≈ës kis k√∂r a Balaton parton",2024-07-27 05:08:13+00:00,160.632,623.85,565.5,root='Ride',15.447600000000001,4,7
11988157653,Afternoon Ride,2024-07-26 16:54:23+00:00,50.3175,141.53333333333333,375.2,root='Ride',21.33,0,8
11971262333,Afternoon Ride / A szok√°sos...,2024-07-24 16:53:36+00:00,49.9793,141.83333333333334,354.6,root='Ride',21.1428,0,6
11958166724,Morning Walk,2024-07-23 05:37:50+00:00,5.333399999999999,63.8,216.6,root='Walk',5.0148,0,7
11941367059,Morning Ride,2024-07-21 05:45:47+00:00,57.5724,163.63333333333333,363.2,root='Ride',21.1104,0,7
11938637653,Morning Ride,2024-07-20 10:23:51+00:00,10.7088,31.466666666666665,157.0,root='Ride',20.4192,0,9
11932302309,Esik... üò≠ü§ó,2024-07-20 06:27:40+00:00,6.551,17.583333333333332,41.7,root='Ride',22.3524,0,6
11929163498,A szok√°sos... üòèüö¥‚Äç‚ôÇÔ∏è,2024-07-19 16:38:44+00:00,46.9936,136.2,342.7,root='Ride',20.7036,0,7
11921199768,Afternoon Ride,2024-07-18 17:04:22+00:00,51.4536,144.96666666666667,350.5,root='Ride',21.297600000000003,1,7
11913345620,Lesence k√∂r! üö¥‚Äç‚ôÇÔ∏è,2024-07-17 17:10:29+00:00,16.580099999999998,53.43333333333333,207.8,root='Ride',18.6192,0,7
11905059508,Afternoon Ride,2024-07-16 16:42:30+00:00,49.723099999999995,140.28333333333333,350.6,root='Ride',21.2652,0,6
11884180673,Morning Ride,2024-07-14 07:00:39+00:00,46.9501,137.4,343.3,root='Ride',20.502000000000002,0,8
11874807827,Badacsonyi reggeli,2024-07-13 05:50:14+00:00,50.948,142.55,317.5,root='Ride',21.4452,0,6
11872528989,Ism√©t egy izzaszt√≥ k√∂r! ü•µüòÅ,2024-07-12 16:43:08+00:00,57.561699999999995,164.7,410.0,root='Ride',20.970000000000002,0,5
11856967900,Sz√©tizzadtam! ü•µüå°Ô∏èüö¥‚Äç‚ôÇÔ∏èüòÇ,2024-07-10 16:57:20+00:00,47.087300000000006,131.3,343.3,root='Ride',21.517200000000003,0,5
11848547406,Afternoon Ride,2024-07-09 16:56:56+00:00,45.95,124.18333333333334,329.8,root='Ride',22.2012,1,7
11840679836,Afternoon Ride,2024-07-08 16:58:41+00:00,48.782199999999996,136.21666666666667,345.6,root='Ride',21.488400000000002,0,6
11822605483,"Ha h≈ës√©g, akkor Balaton k√∂r! üëçü•µ‚ò∫Ô∏è",2024-07-06 04:47:29+00:00,221.18,628.2,689.5,root='Ride',21.1248,34,7
11816119344,Afternoon Ride,2024-07-05 16:46:25+00:00,46.7482,123.48333333333333,347.6,root='Ride',22.715999999999998,0,5
11803530016,Morning Run,2024-07-04 05:44:23+00:00,5.915100000000001,33.95,0.0,root='Run',10.4544,0,4
11800415788,Fel a hegyre!,2024-07-03 16:54:24+00:00,5.6683,67.8,220.8,root='Walk',5.0148,0,4
11795561013,Morning Run,2024-07-03 05:45:55+00:00,9.8578,55.53333333333333,0.0,root='Run',10.6524,0,4
11784366377,Evening Ride,2024-07-01 18:38:26+00:00,12.629100000000001,35.8,160.8,root='Ride',21.1644,0,5
11772333601,Morning Ride,2024-06-30 06:12:18+00:00,58.839400000000005,168.3,441.1,root='Ride',20.9772,1,4
11764832602,Szombaton is Badacsony!,2024-06-29 06:38:33+00:00,49.8851,141.13333333333333,312.8,root='Ride',21.2076,0,5
11761960588,A megszokott k√∂rny√©ken,2024-06-28 16:34:14+00:00,71.4443,199.51666666666668,433.3,root='Ride',21.4848,0,5
11754010869,Afternoon Ride,2024-06-27 16:46:23+00:00,70.4213,193.0,438.2,root='Ride',21.8916,1,5
11732794820,M√°r √©getett a Nap ‚òÄÔ∏èüòè,2024-06-25 05:14:46+00:00,10.1313,58.93333333333333,0.0,root='Run',10.314000000000002,1,5
11717830553,Balatonber√©ny ‚òÄÔ∏èüëã,2024-06-23 07:17:40+00:00,73.11160000000001,211.11666666666667,374.7,root='Ride',20.779200000000003,0,4
11716650216,Morning Ride,2024-06-22 07:54:31+00:00,50.8858,140.1,323.5,root='Ride',21.794400000000003,2,4
11706901149,Elolvadtam √©s sz√©tfolytam ü•µ,2024-06-21 16:42:33+00:00,47.041199999999996,130.43333333333334,347.5,root='Ride',21.6396,1,4
11699050475,Nem lehet megunni!üòâ,2024-06-20 16:51:55+00:00,58.649699999999996,160.81666666666666,413.8,root='Ride',21.8808,3,3
11692152487,J√≥ meleg van! üòèüëç,2024-06-19 17:07:01+00:00,54.209300000000006,147.16666666666666,367.9,root='Ride',22.1004,2,3
11674759666,Afternoon Walk,2024-06-17 17:23:07+00:00,6.1001,75.13333333333334,230.1,root='Walk',4.8708,0,2
11663267648,Keszthely - Tapolca - Szigliget k√∂r,2024-06-16 06:19:33+00:00,65.6399,185.05,375.2,root='Ride',21.2832,0,1
11655885442,A parton √©s egy kicsit t√°volabb is!,2024-06-15 05:49:21+00:00,91.3643,235.83333333333334,602.3,root='Ride',23.2452,12,3
11651794638,Afternoon Ride - Keszthely,2024-06-14 16:36:00+00:00,49.4744,130.86666666666667,349.9,root='Ride',22.683600000000002,2,2
11640247839,Reggeli 5,2024-06-13 05:45:27+00:00,5.8561000000000005,33.86666666666667,0.0,root='Run',10.375200000000001,0,1
11636524860,Tatai tekerg√©s,2024-06-12 17:03:23+00:00,27.978900000000003,103.3,55.8,root='Ride',16.250400000000003,1,2
11632337204,Reggeli 10 üëçüèÉ‚Äç‚ôÇÔ∏è,2024-06-12 06:11:04+00:00,10.2519,59.483333333333334,2.1,root='Run',10.3392,0,1
11628006786,Fejszell≈ëztet≈ë,2024-06-11 16:58:42+00:00,5.902,74.4,257.5,root='Hike',4.759200000000001,0,1
11609080965,Badacsony! üåä,2024-06-09 07:35:57+00:00,58.0591,162.6,345.9,root='Ride',21.4236,3,2
11600757949,H√©v√≠z - Tapolca üö≤,2024-06-08 06:20:26+00:00,73.9032,203.1,441.1,root='Ride',21.834000000000003,1,2
11596891100,Naps√ºt√∂tte levezet≈ë ‚òÄÔ∏è,2024-06-07 16:32:46+00:00,46.655199999999994,119.38333333333334,347.6,root='Ride',23.4468,0,2
11585187352,Reggeli 10-es üòäü§ó,2024-06-06 06:01:38+00:00,10.362,61.833333333333336,0.0,root='Run',10.0548,0,1
11581129355,Len√©ztem a v√°rosra,2024-06-05 17:37:51+00:00,5.6031,68.5,232.2,root='Hike',4.9068000000000005,0,1
11576800272,Reggelire üòâüòäüëç,2024-06-05 06:18:15+00:00,6.8901,41.916666666666664,0.0,root='Run',9.864,1,0
11568354665,Napind√≠t√≥,2024-06-04 06:16:43+00:00,6.2471000000000005,36.05,0.0,root='Run',10.3968,1,1
11553512024,Naaagy k√∂r,2024-06-02 07:31:10+00:00,86.0247,222.36666666666667,545.0,root='Ride',23.2128,7,0
11549690024,Lesence k√∂r vacsor√°ra,2024-06-01 19:01:41+00:00,10.485299999999999,30.066666666666666,156.6,root='Ride',20.9232,0,1
11544739758,Esik üëçüòâ,2024-06-01 06:40:34+00:00,46.8531,128.11666666666667,347.6,root='Ride',21.942,4,1
11541041567,Lesence k√∂r,2024-05-31 17:34:13+00:00,10.6753,34.833333333333336,156.9,root='Ride',18.3888,0,1
11526265306,Tatai k√∂r ‚òÄÔ∏è,2024-05-29 17:15:03+00:00,29.8484,107.06666666666666,63.0,root='Ride',16.7256,3,1
11521963750,Fut√°s!,2024-05-29 06:30:58+00:00,5.3849,32.65,0.0,root='Run',9.8964,0,1
11518511202,Oroszl√°ny oda-vissza,2024-05-28 17:04:14+00:00,41.4011,145.83333333333334,105.0,root='Ride',17.0352,11,1
11510583250,Turul.,2024-05-27 18:09:15+00:00,3.8654,45.45,169.6,root='Hike',5.1012,0,1
11498745990,Egy r√©gi-√∫j mozg√°sforma üòäüèÉ‚Äç‚ôÇÔ∏è,2024-05-26 08:12:37+00:00,5.7661999999999995,32.1,0.0,root='Run',10.778400000000001,4,1
11487360219,Uzsa ker√ºl≈ëvel,2024-05-24 17:26:36+00:00,19.6444,61.96666666666667,218.5,root='Ride',19.0224,0,1
11472345658,Keszthely oda-vissza,2024-05-22 16:40:35+00:00,47.0451,126.91666666666667,347.5,root='Ride',22.2408,1,1
11463859503,"Mini k√∂r, mert j√∂n a zuh√©√© üåä",2024-05-21 16:57:23+00:00,7.660100000000001,21.65,135.0,root='Ride',21.229200000000002,0,1
11457160986,"Besz√©lget≈ës, fagyiz√≥s",2024-05-20 12:45:05+00:00,87.8218,336.25,268.8,root='Ride',15.6708,0,1
11452674626,Reggeli teker√©s H√©v√≠zre,2024-05-20 06:04:11+00:00,61.1989,183.56666666666666,434.1,root='Ride',20.0016,0,1
11443999565,Hajnali Badacsony ü§óüòÄ,2024-05-19 05:48:01+00:00,46.811099999999996,130.88333333333333,300.2,root='Ride',21.459600000000002,1,1
11436335988,Hagyom√°nyos reggeli üö≤,2024-05-18 06:18:00+00:00,65.4632,193.2,427.7,root='Ride',20.3292,1,1
11433096559,"K√≠s√®rek, terjesztem a m√≥dszert... üòÄ",2024-05-17 18:52:37+00:00,10.635200000000001,41.86666666666667,156.7,root='Ride',15.2424,0,1
11417965081,Tatab√°nya - Oroszl√°ny - Tatab√°nya,2024-05-15 16:46:37+00:00,38.4945,127.6,99.5,root='Ride',18.1008,6,1
11410355404,Tavakat √©rintve üåä,2024-05-14 17:03:40+00:00,41.7994,152.48333333333332,74.3,root='Ride',16.4484,2,1
11395147821,Pollenek! üò±üò§ü§ß,2024-05-12 15:40:48+00:00,60.759800000000006,175.31666666666666,407.3,root='Ride',20.7936,1,0
11386657410,Lassan... K√≠s√©r≈ë üòÄ,2024-05-11 16:02:00+00:00,23.957099999999997,124.95,173.9,root='Ride',11.505600000000001,0,0
11382391948,Reggeli 59-es ü§ó,2024-05-11 07:08:09+00:00,59.103,172.06666666666666,409.5,root='Ride',20.61,1,0
11378890529,Keszthely - Szigliget üö≤,2024-05-10 16:48:13+00:00,60.9325,160.38333333333333,372.9,root='Ride',22.7952,0,0
11362630333,Az √Åltal-√©r v√∂lgy√©ben,2024-05-08 17:54:22+00:00,22.2295,74.45,43.1,root='Ride',17.9136,2,0
11354290780,Kil√°t√≥ + Cs√≥ni,2024-05-07 17:20:01+00:00,7.8359,92.25,233.9,root='Hike',5.0976,0,0
11334953156,Pipacs!?,2024-05-05 06:26:40+00:00,52.5785,149.45,350.6,root='Ride',21.1104,1,0
11327019966,Lesence k√∂r reggelire üö≤,2024-05-04 08:13:43+00:00,10.7132,32.583333333333336,156.7,root='Ride',19.728,0,0
11323639907,Es≈ë?! ü§ó,2024-05-03 15:39:13+00:00,59.5801,163.83333333333334,407.1,root='Ride',21.8196,2,0
11313716909,Badacsony üåä,2024-05-02 09:12:35+00:00,52.0534,150.83333333333334,320.3,root='Ride',20.7072,2,0
11304875133,Maj√°lis les üìç,2024-05-01 07:57:47+00:00,59.3819,174.51666666666668,410.1,root='Ride',20.4156,0,0
11300427511,Keszthely d√©lut√°n,2024-04-30 17:03:30+00:00,55.337199999999996,155.45,392.3,root='Ride',21.3588,2,0
11284750887,Uzsa ‚õè,2024-04-28 16:31:08+00:00,20.8624,65.75,247.1,root='Ride',19.036800000000003,0,0
11280275772,H√©v√≠z ‚õ≤,2024-04-28 05:52:00+00:00,61.267199999999995,173.68333333333334,406.9,root='Ride',21.1644,0,0
11277849529,K√∂z√∂s teker√®s,2024-04-27 18:16:33+00:00,36.4148,110.01666666666667,255.3,root='Ride',19.8612,0,0
11269558606,Lesence k√∂r... ism√©t! ü§ó,2024-04-26 18:22:30+00:00,11.5885,36.8,159.4,root='Ride',18.8928,0,0
11246838708,Gyors levezet≈ë,2024-04-23 16:53:11+00:00,3.8146999999999998,48.9,175.7,root='Hike',4.680000000000001,0,0
11224197703,Gerecse50!,2024-04-20 06:21:09+00:00,49.502,557.1333333333333,1447.8,root='Hike',5.331600000000001,3,0
11217507964,Bemeleg√≠t≈ë holnapra ü§ó,2024-04-19 16:53:59+00:00,4.2228,50.516666666666666,177.1,root='Hike',5.0148,0,0
11195750844,Turul az es≈ë ut√°n,2024-04-16 17:18:52+00:00,3.1620999999999997,41.11666666666667,161.6,root='Hike',4.615200000000001,0,0
11176992345,Nem lehet megunni! üòÄ,2024-04-14 05:59:32+00:00,58.8167,171.25,407.5,root='Ride',20.6064,3,0
11169041374,Vizek nyom√°ban üåä,2024-04-13 06:09:31+00:00,62.5967,179.16666666666666,427.6,root='Ride',20.9628,0,0
11165848375,Keszthely... ism√©t! üòÄ,2024-04-12 17:01:49+00:00,52.1875,137.21666666666667,349.8,root='Ride',22.820400000000003,1,0
11143060306,Napz√°r√≥ üö∂‚Äç‚ôÇÔ∏è,2024-04-09 17:05:53+00:00,9.2815,99.15,252.6,root='Hike',5.6160000000000005,0,0
11139219222,Reggeli Turul,2024-04-09 06:23:09+00:00,3.8158000000000003,46.43333333333333,173.9,root='Hike',4.932,0,0
11123983178,Badacsony! ü§óü•µ,2024-04-07 06:28:42+00:00,61.4484,173.15,454.2,root='Ride',21.294,1,0
11116208515,Keszthely - H√©v√≠z,2024-04-06 06:34:50+00:00,59.7661,171.21666666666667,428.3,root='Ride',20.9448,0,0
11113156406,Keszthelyi gyors üòÄ,2024-04-05 16:53:31+00:00,52.958,141.86666666666667,347.8,root='Ride',22.3992,1,0
11091927330,J√∂n a vihar?! ü§óü§ê,2024-04-02 16:55:33+00:00,47.9528,127.1,375.8,root='Ride',22.6368,0,0
11080776634,Keszthely!üòç,2024-04-01 06:35:21+00:00,48.240300000000005,139.06666666666666,360.9,root='Ride',20.8116,1,0
11073624768,H√∫sv√©tkor sincsen meg√°ll√°s üòÄ,2024-03-31 06:35:59+00:00,13.970799999999999,45.95,166.8,root='Ride',18.241200000000003,0,0
11069754958,D√®lut√°ni tekerg≈ës,2024-03-30 15:15:21+00:00,19.448,63.983333333333334,249.9,root='Ride',18.2376,0,0
11066691751,Badacsonyi t√∫ra,2024-03-30 07:03:03+00:00,51.895,154.05,367.1,root='Ride',20.214000000000002,1,0
11059614230,Reggeli Keszthely,2024-03-29 06:09:54+00:00,47.8829,150.66666666666666,342.9,root='Ride',19.0692,0,0
11053676048,√öjabb KK400 szakasz,2024-03-28 06:16:07+00:00,70.2465,218.53333333333333,617.8,root='Ride',19.2852,1,0
11049544746,Levezet≈ë,2024-03-27 16:57:54+00:00,10.6715,32.31666666666667,156.6,root='Ride',19.8144,0,0
11042654095,Lesence k√∂r d√©lut√°n,2024-03-26 16:49:10+00:00,17.1169,53.75,211.2,root='Ride',19.1088,0,0
11025789263,Reggeli bolyong√°s,2024-03-24 06:17:33+00:00,71.5958,209.38333333333333,432.8,root='Ride',20.5164,1,0
11019052589,KK400 szakasz bolyong√°s,2024-03-23 07:23:31+00:00,55.156699999999994,160.28333333333333,507.6,root='Ride',20.646,4,0
11001545339,Levezet≈ë,2024-03-20 16:53:38+00:00,16.5637,51.35,191.2,root='Ride',19.3536,0,0
10994162299,A nap v√®g√®n,2024-03-19 17:34:07+00:00,10.66,32.36666666666667,155.4,root='Ride',19.7604,0,0
10985693708,Gyors Keszthely,2024-03-18 11:51:14+00:00,48.201,147.48333333333332,357.1,root='Ride',19.6092,0,0
10976561224,Vas√°rnapi reggeli,2024-03-17 06:25:00+00:00,59.591800000000006,203.26666666666668,417.2,root='Ride',17.5896,0,0
10972227854,Ism√®t egy k√∂r...,2024-03-16 14:07:42+00:00,34.1638,100.66666666666667,197.6,root='Ride',20.3616,0,0
10963182821,KK400 szakaszok,2024-03-15 06:10:09+00:00,66.84830000000001,212.58333333333334,515.2,root='Ride',18.8676,0,0
10956709953,100!,2024-03-14 06:32:50+00:00,101.597,303.21666666666664,679.2,root='Ride',20.1024,2,0
10951592025,Lesence k√∂r,2024-03-13 16:56:11+00:00,12.0725,38.016666666666666,157.3,root='Ride',19.0548,0,0
10944107651,Szeles es≈ës ut√°n tisztul,2024-03-12 16:48:48+00:00,10.668,35.833333333333336,155.2,root='Ride',17.8632,0,0
10928010956,Reggeli 80-as,2024-03-10 06:32:05+00:00,80.2392,240.43333333333334,499.9,root='Ride',20.023200000000003,0,0
10924081991,Csup√°n egy Lesence k√∂r...,2024-03-09 16:17:03+00:00,13.9402,44.85,164.6,root='Ride',18.648,0,0
10903872154,Turul k√©s≈ë d√©lut√°n,2024-03-06 16:50:18+00:00,5.4944,68.88333333333334,233.3,root='Hike',4.7844,0,0
10900413295,K√∂dben is!,2024-03-06 06:30:05+00:00,3.1748000000000003,39.68333333333333,156.4,root='Hike',4.7988,0,0
10896553813,√öj utakon ü§ó,2024-03-05 16:40:16+00:00,7.7409,72.98333333333333,241.1,root='Hike',6.3648,1,0
10893028645,Vas√∫t - Turul,2024-03-05 06:05:33+00:00,3.4856,49.733333333333334,176.2,root='Hike',4.2048,0,0
10878814770,Badacsony - Lesence,2024-03-03 06:38:47+00:00,56.5778,181.68333333333334,435.2,root='Ride',18.684,0,0
10872016682,K√∂d√∂s,2024-03-02 06:45:41+00:00,65.3134,193.43333333333334,377.0,root='Ride',20.2608,0,0
10868445258,Tavasz!,2024-03-01 16:42:17+00:00,15.7011,49.733333333333334,175.1,root='Ride',18.943199999999997,0,0
10852355225,√àbreszt≈ë!,2024-02-28 06:14:45+00:00,3.8164000000000002,47.6,171.0,root='Hike',4.8096000000000005,0,0
10848386271,Levezet√®s,2024-02-27 16:44:41+00:00,3.9956,49.2,180.0,root='Hike',4.8744000000000005,0,0
10845105340,Reggeli bemeleg√≠t√®s,2024-02-27 06:21:29+00:00,3.6,46.11666666666667,171.9,root='Hike',4.6836,0,0
10831706292,Vas√°rnapi reggelire,2024-02-25 06:41:45+00:00,58.5281,187.48333333333332,409.1,root='Ride',18.730800000000002,1,0
10824917573,Keszthely-Szigliget-Tapolca,2024-02-24 06:57:39+00:00,69.8915,212.45,435.4,root='Ride',19.738799999999998,0,0
10808408556,Turulos levezet≈ë,2024-02-21 16:52:43+00:00,3.9206999999999996,49.916666666666664,208.9,root='Hike',4.7124,0,0
10801388260,Turul,2024-02-20 16:53:02+00:00,3.7288,48.31666666666667,176.0,root='Hike',4.6296,0,0
10784719084,H√©v√≠z ü§ó,2024-02-18 06:57:41+00:00,56.441199999999995,168.68333333333334,397.8,root='Ride',20.0772,1,0
10777876577,Szombat d√©lel≈ëtt,2024-02-17 06:54:42+00:00,70.53460000000001,213.15,437.3,root='Ride',19.854,0,0
10774064260,Levezet≈ë,2024-02-16 16:51:28+00:00,11.817,38.31666666666667,157.8,root='Ride',18.503999999999998,0,0
10754747455,Esti k√∂r,2024-02-13 16:57:14+00:00,5.5134,69.75,175.7,root='Hike',4.7412,0,0
10751268187,2xTurul 1xReggel,2024-02-13 06:14:55+00:00,4.1271,58.333333333333336,240.1,root='Hike',4.244400000000001,0,0
10740709348,K√©t es≈ë k√∂z√∂tt ü§ê,2024-02-11 13:12:03+00:00,26.034299999999998,80.25,223.7,root='Ride',19.4652,0,0
10731865202,Tavaszias Keszthely-Szigliget ü§ó,2024-02-10 07:10:20+00:00,69.6332,199.38333333333333,437.6,root='Ride',20.9556,2,0
10715647731,Turul √©s t√≥,2024-02-07 16:38:14+00:00,5.8023,70.8,181.9,root='Hike',4.9176,0,0
10708726126,Turul üòç,2024-02-06 16:59:08+00:00,4.1078,49.9,169.7,root='Hike',4.9392000000000005,0,0
10692334552,Szigliget - Keszthely,2024-02-04 07:17:54+00:00,58.8286,169.95,367.4,root='Ride',20.7684,5,0
10685234278,Tavaszias t√©li reggeli k√∂r üòÄ,2024-02-03 07:12:52+00:00,58.6675,164.26666666666668,365.1,root='Ride',21.4272,1,0
10661337241,Turul l√©pcs≈ë üòç,2024-01-30 16:45:39+00:00,4.1292,48.9,206.3,root='Hike',5.0652,0,0
10644640257,Vas√°rnapi reggeli,2024-01-28 09:18:20+00:00,15.957799999999999,53.3,194.5,root='Ride',17.964000000000002,0,0
10638190381,Dagonya ü§óü§ê,2024-01-27 08:24:19+00:00,57.636900000000004,189.58333333333334,402.5,root='Ride',18.241200000000003,0,0
10621156042,"Esik, cs√∫szik, argh! ü§ê",2024-01-24 16:52:47+00:00,4.2657,47.166666666666664,53.1,root='Hike',5.425199999999999,0,0
10614760906,Turul l√®pcs≈ëz√®s,2024-01-23 17:03:46+00:00,6.3678,80.41666666666667,201.4,root='Hike',4.752000000000001,0,0
10599326539,Vonyarc - Lesence k√∂r,2024-01-21 08:28:56+00:00,41.912699999999994,135.11666666666667,299.0,root='Ride',18.612000000000002,0,0
10592536701,Szigliget - Ederics,2024-01-20 07:46:45+00:00,43.714400000000005,145.43333333333334,355.6,root='Ride',18.036,0,0
10570565917,Turul √©s t√≥,2024-01-16 16:53:09+00:00,5.7248,71.85,178.8,root='Hike',4.7808,0,0
10554689560,Fagy! ü§©ü•∂,2024-01-14 08:40:26+00:00,27.0424,84.1,194.6,root='Ride',19.2924,0,0
10547969505,M√©g nem fagyott be üò±,2024-01-13 08:00:24+00:00,33.092800000000004,114.25,328.2,root='Ride',17.3808,0,0
10502982196,Lesence k√∂r es≈ëben,2024-01-06 09:07:16+00:00,13.129299999999999,43.4,188.2,root='Ride',18.1512,0,0
10471932668,√öj√©vi √©bredez≈ës,2024-01-01 09:14:27+00:00,10.7205,36.916666666666664,155.3,root='Ride',17.424,0,0
10467138135,Szilveszteri gyors ü•≥,2023-12-31 10:12:04+00:00,46.515800000000006,133.91666666666666,345.1,root='Ride',20.8404,1,0
10460673234,Decemberi naps√ºt√©sben ‚òÄÔ∏è,2023-12-30 10:38:43+00:00,14.007200000000001,48.5,164.7,root='Ride',17.3268,0,0
10454772431,Lesence k√∂r erd≈ën √°t,2023-12-29 09:31:03+00:00,16.755200000000002,59.06666666666667,249.3,root='Ride',17.0208,0,0
10444489588,D√©li parti kiruccan√°s,2023-12-27 09:54:01+00:00,71.919,222.73333333333332,370.0,root='Ride',19.3752,0,0
10437379889,Lesence k√∂r,2023-12-26 09:08:49+00:00,14.9297,50.25,166.2,root='Ride',17.8272,0,0
10433091156,Mediterr√°n kar√°csony,2023-12-25 08:20:53+00:00,16.7795,58.083333333333336,198.2,root='Ride',17.334000000000003,0,0
10428202524,K√©t bejgli k√∂z√∂tt... napi 10 üò°ü§´,2023-12-24 08:56:06+00:00,10.709100000000001,33.1,155.2,root='Ride',19.4112,0,0
10424385862,Nagy es≈ë ut√°ni standard Lesence k√∂r,2023-12-23 13:04:47+00:00,10.724,35.45,155.3,root='Ride',18.1512,0,0
10413857681,"Nincs hideg, nincs sz√©l! ü§óü•∂",2023-12-21 08:23:42+00:00,57.8755,182.06666666666666,402.9,root='Ride',19.0728,0,0
10403790643,Lesence k√∂r,2023-12-19 11:03:00+00:00,11.377600000000001,41.166666666666664,157.2,root='Ride',16.5816,0,0
10393879409,T√©li nagy k√∂r üòè,2023-12-17 08:26:49+00:00,75.4208,240.11666666666667,499.7,root='Ride',18.846,2,0
10388723096,H√©v√≠z oda-vissza,2023-12-16 10:18:10+00:00,58.0523,191.58333333333334,399.1,root='Ride',18.18,0,0
10384100406,P√©nteki,2023-12-15 14:25:57+00:00,14.7765,48.583333333333336,166.7,root='Ride',18.2484,0,0
10378296814,Gyors eb√©d,2023-12-14 11:25:31+00:00,10.4267,32.233333333333334,150.7,root='Ride',19.407600000000002,0,0
10367717780,"K√∂dben, v√≠zben",2023-12-12 11:06:52+00:00,11.1942,38.35,164.9,root='Ride',17.514000000000003,0,0
10362596946,Nagy k√∂r - Keszthely + Szigliget,2023-12-11 08:33:10+00:00,64.4649,202.35,377.7,root='Ride',19.116,0,0
10358130611,"Esik, havazik √©s olvadozik üòç",2023-12-10 12:50:05+00:00,10.752,38.43333333333333,158.5,root='Ride',16.786800000000003,0,0
10353029964,Lesence k√∂r! ü§ó,2023-12-09 14:22:12+00:00,9.780700000000001,32.61666666666667,153.8,root='Ride',17.992800000000003,0,0
10352386088,Lemer√ºlt... üò±üò§‚ùÑÔ∏è,2023-12-09 11:56:15+00:00,46.3,141.0,0.0,root='Ride',19.7028,0,0
10348189979,Fel√°ztak a kedvenc √∫tjaim üò±,2023-12-08 14:53:07+00:00,15.1053,50.93333333333333,167.7,root='Ride',17.7948,0,0
10283052915,Az els≈ë h√≥pelyhek ‚ùÑÔ∏è,2023-11-26 08:03:49+00:00,48.8619,152.43333333333334,346.3,root='Ride',19.231199999999998,0,0
10277656683,"Sz√©l, itt a t√©l!",2023-11-25 08:55:44+00:00,44.8694,133.73333333333332,303.9,root='Ride',20.1312,0,0
10273678756,P√©nteki rossz id≈ëben,2023-11-24 14:30:48+00:00,12.8076,38.0,172.8,root='Ride',20.2212,0,0
10256373119,Lesence k√∂r! üì¢,2023-11-21 12:39:02+00:00,15.3591,49.2,173.2,root='Ride',18.730800000000002,0,0
10244417150,Borong√≥s vas√°rnap,2023-11-19 10:11:06+00:00,26.718,90.53333333333333,279.4,root='Ride',17.708399999999997,0,0
10239081077,Sz√©llel szemben nem lehet...,2023-11-18 12:40:31+00:00,10.674700000000001,33.833333333333336,158.5,root='Ride',18.9288,0,0
10229262285,4-szer a t√≥ k√∂r√ºl,2023-11-16 16:54:40+00:00,2.9246999999999996,17.866666666666667,0.0,root='Run',9.8208,4,0
10204712792,Szigliget - H√©v√≠z,2023-11-12 07:49:29+00:00,71.2328,210.73333333333332,455.6,root='Ride',20.282400000000003,2,0
10200196530,K√©s≈ë d√©lut√°ni Lesence k√∂r,2023-11-11 15:40:23+00:00,11.1189,35.93333333333333,168.0,root='Ride',18.5652,0,0
10164271931,Eb√©d ut√°ni √°tmozgat√≥,2023-11-05 12:35:29+00:00,12.9412,43.5,173.3,root='Ride',17.8488,0,0
10159262998,Keszthelyi k√∂r,2023-11-04 12:10:39+00:00,49.677699999999994,142.56666666666666,360.6,root='Ride',20.9088,0,0
10156772504,Reggeli bemeleg√≠t√©s,2023-11-04 07:48:34+00:00,24.2409,82.25,350.0,root='Ride',17.6832,0,0
10153615906,Szeles id≈ëben egy gyors karika,2023-11-03 16:05:07+00:00,9.9122,31.383333333333333,153.4,root='Ride',18.950400000000002,0,0
10142413449,H√©v√≠z - Szigliget k√∂r a ragyog√≥ ≈ëszi naps√ºt√©sben,2023-11-01 11:34:43+00:00,67.4353,193.68333333333334,418.5,root='Ride',20.8908,0,0
10140085186,Reggeli Lesence k√∂r,2023-11-01 07:28:59+00:00,10.698799999999999,35.8,158.4,root='Ride',17.9316,0,0
10123684517,Ford√≠tott keszthelyi k√∂r,2023-10-29 09:04:47+00:00,46.1009,133.35,339.2,root='Ride',20.743199999999998,1,0
10117871122,Az els≈ë ≈ëszi el√°z√°s ü•∞,2023-10-28 09:13:44+00:00,60.7247,187.36666666666667,394.3,root='Ride',19.447200000000002,2,0
10113836945,Lesence k√∂r az es≈ë ut√°n,2023-10-27 17:01:19+00:00,11.4114,38.36666666666667,167.2,root='Ride',17.8452,0,0
10108402842,Gyors tekerg√®s,2023-10-26 17:11:00+00:00,8.335600000000001,26.5,48.6,root='Ride',18.8712,0,0
10088855803,A d√©lel≈ëtti k√∂dben,2023-10-23 08:55:57+00:00,45.6314,146.96666666666667,221.5,root='Ride',18.63,0,0
10082872262,Lesence k√∂r ism√©t! üòç,2023-10-22 11:14:45+00:00,15.288,52.516666666666666,173.2,root='Ride',17.467200000000002,0,0
10076266136,"J√≥ id≈ë, Balaton, s√°r!",2023-10-21 09:38:29+00:00,20.3405,75.4,167.4,root='Ride',16.1856,0,0
10072314167,A m≈±t√©t ut√°ni els≈ë gurul√°s ü§ó,2023-10-20 14:42:58+00:00,11.357700000000001,39.21666666666667,76.3,root='Ride',17.377200000000002,0,0
9937782271,M√©g mindig a v√≠z az √∫r üò•,2023-09-28 16:57:37+00:00,20.7539,63.55,282.0,root='Ride',19.5948,0,0
9918285521,Es≈ë ut√°ni √∫tkeres√©s,2023-09-25 16:55:58+00:00,20.0792,71.0,283.8,root='Ride',16.9668,0,0
9912390240,Az es≈ë csak egy kifog√°s ‚ò∫Ô∏è,2023-09-24 16:42:50+00:00,7.2415,23.3,131.9,root='Ride',18.648,0,0
9899445936,Lesence - H√©v√≠z - Szigliget - Lesence,2023-09-22 14:38:12+00:00,72.81960000000001,205.3,439.6,root='Ride',21.2832,2,0
9893474582,Tekerg√®s a k√∂rny√©kben,2023-09-21 17:08:36+00:00,20.2688,67.56666666666666,307.7,root='Ride',18.0,0,0
9874184278,Lesence k√∂r √©s Uzsa,2023-09-18 16:58:54+00:00,22.8948,75.21666666666667,299.3,root='Ride',18.262800000000002,0,0
9868521080,Lesence - Szigliget - Lesence,2023-09-17 15:47:50+00:00,39.743300000000005,115.13333333333334,320.2,root='Ride',20.710800000000003,2,0
9864615314,Erdei kalandok,2023-09-17 07:11:03+00:00,25.706799999999998,96.91666666666667,354.1,root='Ride',15.915600000000001,0,0
9858415750,Reggeli H√©v√≠zen,2023-09-16 07:35:50+00:00,60.3559,182.65,402.4,root='Ride',19.8252,0,0
9854044887,Lesence k√∂r + Uzsa,2023-09-15 14:50:22+00:00,20.1135,61.666666666666664,296.8,root='Ride',19.5696,0,0
9848372455,√öjra Lesence k√∂r üòç,2023-09-14 16:57:09+00:00,13.2117,42.766666666666666,238.1,root='Ride',18.5364,0,0
9828663808,Fel a kil√°t√≥hoz,2023-09-11 16:54:23+00:00,5.7307,67.88333333333334,222.3,root='Hike',5.0652,0,0
9821670687,A vizek √∫tj√°n,2023-09-10 13:04:14+00:00,30.508,118.88333333333334,60.2,root='Ride',15.397200000000002,1,0
9819931258,Tatai v√°rosn√©z√©s - Kombi bike,2023-09-10 09:45:45+00:00,22.1474,96.86666666666666,60.9,root='Ride',13.7196,0,0
9813880892,Turul Trail 2023,2023-09-09 09:00:19+00:00,23.311,264.93333333333334,750.4,root='Hike',5.2776,0,0
9802699404,Turul l√©pcs≈ë x 2,2023-09-07 16:57:34+00:00,4.114199999999999,57.56666666666667,232.4,root='Hike',4.2876,0,0
9789011364,Haza #2,2023-09-05 17:49:31+00:00,1.1132,11.483333333333333,10.9,root='Hike',5.8176000000000005,0,0
9788420089,Haza #1,2023-09-05 16:07:40+00:00,1.0519,10.866666666666667,0.0,root='Hike',5.8068,0,0
9785911672,Reggeli s√©ta :),2023-09-05 07:44:09+00:00,1.029,10.016666666666667,6.2,root='Hike',6.1632,0,0
9782426144,H√©tind√≠t√≥ Lesence k√∂r,2023-09-04 17:16:44+00:00,19.7248,62.56666666666667,270.3,root='Ride',18.9144,0,0
9769179798,Tan√∫hegyek nyom√°ban j√°rtam,2023-09-02 07:24:20+00:00,41.5509,512.3333333333334,1429.5,root='Hike',4.8672,0,0
9762412028,Szigliget - Tapolca k√∂r,2023-09-01 15:09:11+00:00,41.039199999999994,111.83333333333333,253.6,root='Ride',22.017599999999998,5,0
9757183994,Keszthelyi gyors,2023-08-31 16:59:04+00:00,50.1036,146.96666666666667,351.0,root='Ride',20.4552,0,0
9740675248,Reggeli utam,2023-08-29 07:51:46+00:00,1.0405,11.0,0.0,root='Hike',5.6772,0,0
9737424326,Levezet≈ë Lesence k√∂r,2023-08-28 17:32:26+00:00,13.0998,40.65,235.3,root='Ride',19.335600000000003,0,0
9732159655,Az utols√≥ ny√°ri h√©tv√©gi k√∂r,2023-08-27 18:13:07+00:00,10.6987,33.2,157.0,root='Ride',19.335600000000003,0,0
9728407871,Badacsony - Tapolca - Lesencetomaj,2023-08-27 06:55:15+00:00,52.192,151.3,328.0,root='Ride',20.6964,3,0
9722121594,Keszthelyi d√©lel≈ëtt,2023-08-26 06:54:55+00:00,59.3889,176.96666666666667,405.1,root='Ride',20.134800000000002,0,0
9713358176,D√©lut√°ni Keszthely,2023-08-24 16:56:25+00:00,53.299,148.96666666666667,344.4,root='Ride',21.4668,3,0
9699413925,Estefel√©,2023-08-22 18:08:17+00:00,1.14,13.083333333333334,12.0,root='Hike',5.2272,0,0
9698676184,D√©lut√°n,2023-08-22 16:07:45+00:00,1.0908,11.05,0.0,root='Hike',5.922000000000001,0,0
9696051754,Reggeli!,2023-08-22 07:48:22+00:00,1.111,10.083333333333334,5.0,root='Hike',6.6096,0,0
9693010068,Keszthelyi k√∂r,2023-08-21 17:02:07+00:00,47.938900000000004,136.98333333333332,346.6,root='Ride',20.998800000000003,0,0
9687016214,Esti levezet≈ë,2023-08-20 17:54:48+00:00,13.6219,44.2,241.5,root='Ride',18.4896,0,0
9683418314,Egregyi k√∂r reggelire,2023-08-20 07:04:45+00:00,63.8249,188.78333333333333,473.8,root='Ride',20.286,1,0
9657450256,Keszthelyi reggeli gyors,2023-08-16 07:16:31+00:00,47.810900000000004,133.8,342.2,root='Ride',21.4416,1,0
9652804409,D√©lut√°ni s√©ta,2023-08-15 16:16:44+00:00,1.0957999999999999,11.45,0.0,root='Hike',5.742,0,0
9649786461,Reggel!,2023-08-15 07:44:50+00:00,1.0726,10.7,3.0,root='Hike',6.0156,0,0
9646708362,Szigliget,2023-08-14 16:59:45+00:00,35.368900000000004,100.11666666666666,225.7,root='Ride',21.1968,0,0
9640298602,"Lesence k√∂r, mint levezet≈ë",2023-08-13 16:38:18+00:00,13.451799999999999,44.03333333333333,238.2,root='Ride',18.3312,0,0
9637266573,Erdei kalandok ‚ò∫Ô∏è,2023-08-13 07:18:59+00:00,58.2293,184.8,632.8,root='Ride',18.9072,0,0
9631120746,Zalasz√°nt√≥ - Rezi - Lesence,2023-08-12 08:14:45+00:00,57.5235,175.76666666666668,490.2,root='Ride',19.638,0,0
9627030867,Lesence k√∂r,2023-08-11 16:43:05+00:00,13.4405,41.68333333333333,238.1,root='Ride',19.3464,0,0
9621696177,Lesence - Egregy,2023-08-10 17:06:36+00:00,63.217800000000004,179.56666666666666,474.0,root='Ride',21.1248,1,0
9610659599,Reggel #2,2023-08-09 06:30:59+00:00,1.4185999999999999,12.75,5.5,root='Hike',6.6744,0,0
9610431576,Reggel #1,2023-08-09 04:42:21+00:00,1.0968,11.216666666666667,0.0,root='Hike',5.867999999999999,0,0
9603996159,Reggelire,2023-08-08 07:48:03+00:00,1.1965,10.583333333333334,2.7,root='Hike',6.7824,0,0
9600458453,Ism√©t egy Nagy Lesence k√∂r,2023-08-07 16:58:07+00:00,13.3072,39.9,238.3,root='Ride',20.0124,0,0
9581460655,Nagy Lesence k√∂r,2023-08-04 15:03:32+00:00,13.1577,38.46666666666667,232.6,root='Ride',20.5236,0,0
9576709495,Nagy Lesence k√∂r az es≈ë el≈ëtt üò°,2023-08-03 18:58:02+00:00,13.2135,39.6,238.0,root='Ride',20.0196,0,0
9559923491,Reggel,2023-08-01 07:51:44+00:00,1.0737999999999999,11.05,2.2,root='Hike',5.832000000000001,0,0
9556986361,Keszthely temp√≥san,2023-07-31 16:54:54+00:00,47.6639,132.96666666666667,342.4,root='Ride',21.506400000000003,0,0
9549080328,Gyors Lesence k√∂r,2023-07-30 12:42:41+00:00,13.6202,47.71666666666667,238.0,root='Ride',17.1252,0,0
9544239695,Csob√°ncra fel,2023-07-29 15:59:43+00:00,2.601,47.166666666666664,246.0,root='Hike',3.3084000000000002,0,0
9542056677,R√©vf√ºl√∂pi d√©lel≈ëtt,2023-07-29 08:19:30+00:00,73.03160000000001,209.35,417.2,root='Ride',20.930400000000002,1,0
9538121005,Egregyi t√∫ra,2023-07-28 14:48:14+00:00,65.9159,182.8,475.8,root='Ride',21.636,7,0
9532779012,Esti nagy Lesence k√∂r,2023-07-27 18:49:33+00:00,16.8676,51.75,250.7,root='Ride',19.555200000000003,0,0
9522724335,Reggelem #2,2023-07-26 06:22:29+00:00,1.1397,9.866666666666667,3.9,root='Hike',6.930000000000001,0,0
9522509920,Reggelem #1,2023-07-26 04:44:53+00:00,1.1274000000000002,12.35,0.0,root='Hike',5.4792000000000005,0,0
9516231093,Reggeli :),2023-07-25 07:36:40+00:00,1.051,10.683333333333334,0.0,root='Hike',5.904,0,0
9513441161,Keszthelyi esti k√∂r,2023-07-24 16:56:24+00:00,47.5282,137.0,342.1,root='Ride',20.8152,0,0
9504284494,Badacsonyi t√∫ra,2023-07-23 07:44:24+00:00,51.2217,153.4,355.9,root='Ride',20.034000000000002,0,0
9500536962,A nagy Lesence k√∂r,2023-07-22 16:12:36+00:00,13.424299999999999,42.416666666666664,238.0,root='Ride',18.990000000000002,0,0
9498870987,Keszthely k√∂rny√©ki tekerg√®s,2023-07-22 08:20:06+00:00,73.5935,231.36666666666667,529.8,root='Ride',19.0836,2,0
9494580761,Es≈ë el≈ëtti gyors,2023-07-21 16:58:51+00:00,14.611799999999999,45.68333333333333,244.2,root='Ride',19.1916,0,0
9489244935,Keszthelyi tekerg≈ë,2023-07-20 17:30:43+00:00,48.1351,133.9,351.1,root='Ride',21.5676,2,0
9478819725,Reggeli s√©ta #2,2023-07-19 06:23:52+00:00,1.1314000000000002,10.65,0.0,root='Hike',6.3755999999999995,0,0
9478609078,Reggeli s√©ta #1,2023-07-19 04:46:10+00:00,1.0865,12.766666666666667,0.0,root='Hike',5.1048,0,0
9475777587,Hazafel√©,2023-07-18 18:45:34+00:00,1.6349,20.566666666666666,14.0,root='Hike',4.77,0,0
9469163507,Hosszabb Lesence k√∂r,2023-07-17 18:13:34+00:00,16.6595,50.95,251.9,root='Ride',19.62,0,0
9463958221,Esti levezet≈ë,2023-07-16 19:38:06+00:00,10.499,31.883333333333333,158.6,root='Ride',19.756800000000002,0,0
9460180224,Keszthelyi reggeli,2023-07-16 08:24:18+00:00,47.7311,141.23333333333332,343.1,root='Ride',20.2788,0,0
9453820957,Badacsonyi tekerg√®s,2023-07-15 07:34:59+00:00,51.739,155.03333333333333,465.8,root='Ride',20.023200000000003,1,0
9450807337,H√©v√≠zig,2023-07-14 15:37:55+00:00,66.3223,195.25,435.6,root='Ride',20.3796,4,0
9444811134,Es≈ë ut√°ni Lesence k√∂r,2023-07-13 18:44:23+00:00,10.5442,30.0,158.4,root='Ride',21.0888,0,0
9434704884,Hajnali indul√°s,2023-07-12 04:45:08+00:00,1.1829,12.916666666666666,0.0,root='Hike',5.4936,0,0
9431627362,S√©ta haza,2023-07-11 18:10:24+00:00,1.0337,12.7,11.1,root='Hike',4.8852,0,0
9419127388,Majdnem Balaton ker√ºl√®s,2023-07-09 06:52:26+00:00,164.795,480.1666666666667,600.8,root='Ride',20.592,7,1
9406861109,Balatonm√°riaf√ºrd≈ë d√©lut√°n,2023-07-07 15:07:24+00:00,83.7769,232.36666666666667,377.8,root='Ride',21.6324,3,0
9400737055,Keszthelyi k√∂r,2023-07-06 17:03:35+00:00,47.0657,132.28333333333333,343.2,root='Ride',21.348,4,0
9381407631,Ederics - Szigliget - Tapolca - Lesence,2023-07-03 16:50:54+00:00,38.1712,110.76666666666667,298.3,root='Ride',20.6748,7,0
9376345883,Esti Lesence k√∂r,2023-07-02 19:01:46+00:00,10.5235,33.766666666666666,158.5,root='Ride',18.6984,0,0
9372662076,Keszthelyi k√∂r,2023-07-02 08:21:17+00:00,48.4964,145.48333333333332,347.3,root='Ride',20.0016,1,0
9366819394,V√°rv√∂lgy - Keszthely - Lesencetomaj,2023-07-01 09:23:27+00:00,46.8654,133.01666666666668,345.6,root='Ride',21.1392,2,0
9363692581,D√©li kalandoz√°sok,2023-06-30 15:06:03+00:00,86.6317,244.35,256.7,root='Ride',21.2724,4,0
9357961519,Badacsony - Szigliget - Lesence,2023-06-29 17:04:55+00:00,50.9437,147.3,374.8,root='Ride',20.750400000000003,6,0
9344818794,Ir√°ny haza!,2023-06-27 17:56:02+00:00,1.2852999999999999,13.1,12.4,root='Hike',5.886,0,0
9339165032,Ber√©nyi este,2023-06-26 17:22:11+00:00,53.331300000000006,140.85,149.2,root='Ride',22.7196,5,0
9329812481,M√©g egy defekt!,2023-06-25 07:17:40+00:00,56.2959,160.7,208.4,root='Ride',21.020400000000002,1,0
9323413058,Defekt :(,2023-06-24 08:23:58+00:00,27.5646,76.85,160.9,root='Ride',21.5208,0,0
9320496319,Vihar el≈ëtt Ber√©nybe,2023-06-23 14:43:50+00:00,76.7909,221.91666666666666,255.0,root='Ride',20.761200000000002,7,0
9314483451,K√∂rny√©kbeli r√∂vidke,2023-06-22 16:58:46+00:00,20.120900000000002,61.88333333333333,299.4,root='Ride',19.508399999999998,0,0
9304979762,Gyalogos reggeli,2023-06-21 04:43:22+00:00,1.0719,11.816666666666666,0.0,root='Hike',5.4432,0,0
9301913243,Gyalogl√≥ program,2023-06-20 18:04:42+00:00,1.0960999999999999,13.933333333333334,11.2,root='Hike',4.7196,0,0
9296123070,Szigliget - Lesence k√∂r,2023-06-19 17:47:13+00:00,34.5191,107.0,302.7,root='Ride',19.3572,0,0
9290541698,Templom - K√°polna,2023-06-18 18:38:10+00:00,7.2432,22.283333333333335,133.3,root='Ride',19.5012,2,0
9286737856,Keszthelyi reggeli gyors,2023-06-18 07:19:37+00:00,50.6738,140.55,214.1,root='Ride',21.6324,2,0
9280812869,√âszaki bemeleg√≠t≈ë,2023-06-17 07:37:43+00:00,70.9649,200.41666666666666,388.8,root='Ride',21.2436,15,0
9277738723,Balatonszentgy√∂rgy,2023-06-16 16:24:32+00:00,70.2087,193.43333333333334,242.9,root='Ride',21.776400000000002,5,0
9271886250,Gyors keszthelyi k√∂r,2023-06-15 16:58:06+00:00,63.896,171.03333333333333,224.2,root='Ride',22.4136,6,0
9252580843,Keszthely k√©s≈ë d√©lut√°n,2023-06-12 16:54:49+00:00,48.316199999999995,132.78333333333333,190.4,root='Ride',21.834000000000003,5,0
9247111933,Esti levezet≈ë,2023-06-11 18:41:31+00:00,9.9779,31.033333333333335,153.0,root='Ride',19.2924,0,0
9243448958,Laza d√©lel≈ëtti Lesence k√∂r,2023-06-11 10:06:01+00:00,11.4526,36.55,161.7,root='Ride',18.799200000000003,0,0
9238977476,Els≈ë 100-as!,2023-06-10 09:36:59+00:00,109.216,306.68333333333334,253.6,root='Ride',21.366,7,0
9233862467,Keszthely √©s szerencs√©m is lesz,2023-06-09 16:47:50+00:00,48.7162,126.9,190.4,root='Ride',23.032799999999998,7,1
9227504086,D√©lut√°ni Szigliget bakival üò§,2023-06-08 16:53:12+00:00,9.1956,26.133333333333333,67.7,root='Ride',21.114,0,1
9208320024,K√©t es≈ë k√∂z√∂tt,2023-06-05 18:23:13+00:00,12.5779,37.18333333333333,159.1,root='Ride',20.2968,0,0
9202432088,D√©lut√°ni levezet≈ë,2023-06-04 17:33:29+00:00,10.5181,34.016666666666666,158.5,root='Ride',18.5508,0,0
9199234306,Ber√©ny - Tomaj,2023-06-04 09:09:27+00:00,38.2131,113.86666666666666,117.7,root='Ride',20.134800000000002,4,0
9198495288,Ber√©nyi reggeli,2023-06-04 07:12:16+00:00,37.8255,102.23333333333333,113.7,root='Ride',22.2012,6,0
9195815999,Nagy Lesence k√∂r!,2023-06-03 18:13:31+00:00,10.727799999999998,33.38333333333333,158.4,root='Ride',19.2816,0,0
9193422440,Egy √∫j kaland kezdete ü§ó,2023-06-03 10:54:17+00:00,38.4501,124.75,163.5,root='Ride',18.493199999999998,5,0
9186116819,Lefel√© hazafel√©,2023-06-02 07:01:34+00:00,1.7704000000000002,20.483333333333334,4.2,root='Hike',5.184,0,0
9186060059,Fel a Turulhoz!,2023-06-02 06:39:41+00:00,1.5877999999999999,19.2,152.5,root='Hike',4.9608,1,0
9182903754,S√©ta fel √©s al√°,2023-06-01 17:06:05+00:00,5.6291,65.05,168.4,root='Hike',5.1912,0,0
9176309635,Haza...,2023-05-31 17:27:50+00:00,1.0973,12.433333333333334,12.1,root='Hike',5.2956,0,0
9160836983,A csere g√©p nem az igazi,2023-05-29 08:41:01+00:00,8.9339,35.81666666666667,108.3,root='Ride',14.965200000000001,0,0
9160620645,Viszl√°t t√°rsam... :(,2023-05-29 07:42:55+00:00,3.9253,15.783333333333333,56.9,root='Ride',14.921999999999999,0,0
9155063770,H√©v√≠zi d√©lel≈ëtt,2023-05-28 08:07:20+00:00,61.8528,200.8,259.7,root='Ride',18.482400000000002,5,0
9150232761,S√©ta temp√≥,2023-05-27 13:31:40+00:00,25.7494,124.83333333333333,189.0,root='Ride',12.376800000000001,0,0
9145315670,T√ºssz√∂g≈ës...,2023-05-26 17:49:57+00:00,27.428900000000002,112.11666666666666,100.7,root='Ride',14.677200000000001,0,0
9144614455,A pollenek k√∂z√∂tt,2023-05-26 16:16:36+00:00,27.0929,87.61666666666666,92.8,root='Ride',18.5544,1,0
9139480228,Hazafel√©,2023-05-25 18:22:18+00:00,24.8319,90.51666666666667,108.9,root='Ride',16.4592,0,0
9138788450,Keszthelyre,2023-05-25 17:05:20+00:00,24.477700000000002,68.91666666666667,89.7,root='Ride',21.312,3,0
9126046756,Haza az es≈ëben,2023-05-23 18:28:49+00:00,1.1639000000000002,11.633333333333333,11.1,root='Hike',6.0012,0,0
9113936379,Egy nagy Lesence k√∂r,2023-05-21 16:44:12+00:00,10.5054,38.93333333333333,158.6,root='Ride',16.1892,0,0
9110563692,Badacsony reggel,2023-05-21 07:26:37+00:00,43.2665,155.65,299.0,root='Ride',16.6788,2,0
9104260069,Keszthelyi reggeli,2023-05-20 06:56:40+00:00,53.6038,198.61666666666667,216.0,root='Ride',16.192800000000002,0,0
9095147696,Tatab√°nya es≈ëben,2023-05-18 16:57:27+00:00,4.6398,66.41666666666667,184.7,root='Hike',4.1903999999999995,0,0
9088648950,Menek√ºl√©s az es≈ë el≈ël,2023-05-17 17:56:19+00:00,1.131,11.816666666666666,11.8,root='Hike',5.742,0,0
9085520972,Reggeli sprint lefel√©,2023-05-17 04:42:43+00:00,1.0237,10.533333333333333,0.0,root='Hike',5.832000000000001,0,0
9082866853,S√©ta hazafel√©...,2023-05-16 18:47:56+00:00,1.1639000000000002,13.316666666666666,10.9,root='Hike',5.2452000000000005,0,0
9076713065,Szigliget a s√°ron t√∫l,2023-05-15 16:54:57+00:00,34.7158,133.46666666666667,223.1,root='Ride',15.606,0,0
9071306351,√Åztat√≥ Lesence k√∂r,2023-05-14 17:26:56+00:00,10.5438,42.43333333333333,158.5,root='Ride',14.9076,0,0
9065067337,Lesence k√∂r reggel-este,2023-05-13 18:01:44+00:00,11.357700000000001,46.21666666666667,153.2,root='Ride',14.745600000000001,0,0
9061423691,Lesence k√∂r k√©t es≈ë k√∂z√∂tt,2023-05-13 08:58:51+00:00,10.4905,42.416666666666664,158.6,root='Ride',14.8392,0,0
9057524080,Milyen j√≥ id≈ë van! üò±,2023-05-12 14:24:01+00:00,10.1247,39.083333333333336,153.5,root='Ride',15.544799999999999,0,0
9034249240,Lesence k√∂r!,2023-05-08 16:57:03+00:00,10.6991,43.81666666666667,158.7,root='Ride',14.652000000000001,0,0
9025854895,Keszthely!,2023-05-07 08:06:29+00:00,49.1698,198.16666666666666,190.6,root='Ride',14.886,0,0
9019333773,Badacsonyi reggel,2023-05-06 07:52:01+00:00,43.3641,166.03333333333333,296.4,root='Ride',15.6708,1,0
9015116028,√ñr√∂m bicikliz√©s a naps√ºt√©sben,2023-05-05 14:20:06+00:00,16.1423,59.483333333333334,200.8,root='Ride',16.282799999999998,0,0
9010351211,Esti szigligeti,2023-05-04 16:56:49+00:00,34.629400000000004,127.25,217.5,root='Ride',16.3296,0,0
9000276462,Lefel√©,2023-05-03 04:45:28+00:00,1.0620999999999998,12.466666666666667,0.0,root='Hike',5.112,0,0
8997655400,Hazafel√©,2023-05-02 18:56:19+00:00,1.0777,11.966666666666667,10.3,root='Hike',5.4036,0,0
8990435970,Keszthelyr≈ël haza,2023-05-01 13:30:46+00:00,25.6665,105.73333333333333,150.5,root='Ride',14.565600000000002,0,0
8989104884,Keszthelyi maj√°lis,2023-05-01 10:05:11+00:00,32.7388,130.76666666666668,91.2,root='Ride',15.0228,0,0
8972977189,Keszthelyre!,2023-04-28 14:57:00+00:00,54.4508,222.51666666666668,186.8,root='Ride',14.680800000000001,0,0
8967592204,Szigliget ker√ºl≈ëvel,2023-04-27 16:56:56+00:00,35.844800000000006,132.33333333333334,246.1,root='Ride',16.250400000000003,1,0
8958118353,Reggelem,2023-04-26 04:41:20+00:00,1.2054,13.9,0.0,root='Hike',5.202,0,0
8955325843,Hazafel√©,2023-04-25 18:26:44+00:00,1.1536,13.95,12.2,root='Hike',4.9608,0,0
8940664093,Keszthelyi d√©lel≈ëtt,2023-04-23 07:17:31+00:00,49.1038,179.51666666666668,181.5,root='Ride',16.4124,0,0
8925974009,Szigliget,2023-04-20 16:51:58+00:00,34.536199999999994,131.93333333333334,211.6,root='Ride',15.706800000000001,0,0
8916532888,Ism√©t egy reggel,2023-04-19 04:42:17+00:00,1.0884,15.216666666666667,0.0,root='Hike',4.2912,0,0
8913764240,Haza,2023-04-18 18:26:43+00:00,1.6091,21.066666666666666,15.5,root='Hike',4.5828,0,0
8910297678,Reggeli s√©ta,2023-04-18 04:41:25+00:00,1.1664,16.133333333333333,0.0,root='Hike',4.338,0,0
8907456988,L√©pcs≈ëk!,2023-04-17 17:00:49+00:00,3.8251999999999997,60.03333333333333,163.8,root='Hike',3.8232000000000004,0,0
8901368025,√ñregesen a t√≥ k√∂r√ºl,2023-04-16 13:42:35+00:00,8.226899999999999,120.53333333333333,19.1,root='Hike',4.0968,0,0
8893401394,Gerecse 30!,2023-04-15 06:11:51+00:00,27.9772,341.95,753.7,root='Hike',4.9104,4,0
8884241527,Es≈ës Turul,2023-04-13 16:56:27+00:00,3.7114000000000003,50.61666666666667,161.3,root='Hike',4.3992,0,0
8878841913,Esti levezet≈ë,2023-04-12 18:25:58+00:00,1.7852999999999999,17.766666666666666,18.1,root='Hike',6.03,0,0
8875609869,Reggeli s√©ta,2023-04-12 04:40:51+00:00,1.1140999999999999,12.7,0.0,root='Hike',5.2632,0,0
8864099201,H√©tf≈ë!,2023-04-10 09:58:49+00:00,13.932799999999999,58.68333333333333,165.9,root='Ride',14.2452,0,0
8857675563,H√∫sv√©ti Lesence k√∂r üê∞,2023-04-09 07:53:12+00:00,11.923,50.3,172.9,root='Ride',14.223600000000001,0,0
8846560976,Lesence k√∂r!,2023-04-07 10:47:49+00:00,11.4224,48.516666666666666,161.2,root='Ride',14.1264,0,0
8843185263,F√©l k√∂r :(,2023-04-06 17:52:13+00:00,5.9384,22.4,83.3,root='Ride',15.904800000000002,0,0
8834550725,Fagyos tavaszi s√©ta,2023-04-05 04:42:07+00:00,1.1399000000000001,13.183333333333334,0.0,root='Hike',5.187600000000001,0,0
8816815473,Lesence k√∂r es≈ë ut√°n,2023-04-02 08:19:11+00:00,11.030299999999999,47.25,156.9,root='Ride',14.0076,0,0
8811175138,Lesence k√∂r reggelire,2023-04-01 07:51:22+00:00,12.5703,56.63333333333333,170.0,root='Ride',13.3164,0,0
8803456953,Turul l√°togat√°s,2023-03-30 16:53:26+00:00,3.726,51.15,158.3,root='Hike',4.3704,0,0
8778514318,Ederics k√∂r,2023-03-26 09:11:50+00:00,16.4547,69.61666666666666,173.9,root='Ride',14.1804,0,0
8772930779,Lesence k√∂r + Strand,2023-03-25 08:14:44+00:00,26.0587,117.36666666666666,263.2,root='Ride',13.32,0,0
8764910802,Lesence k√∂r plusz egy kicsi :),2023-03-23 17:00:53+00:00,16.491400000000002,75.16666666666667,205.6,root='Ride',13.1652,0,0
8747340392,Lesence k√∂r,2023-03-20 16:56:12+00:00,12.1795,52.88333333333333,175.9,root='Ride',13.8168,0,0
8742005521,Uzsa d√©lut√°n,2023-03-19 15:26:39+00:00,11.3179,46.43333333333333,71.2,root='Ride',14.6232,0,0
8738938745,Strand oda-vissza,2023-03-19 07:31:44+00:00,20.116799999999998,81.73333333333333,158.6,root='Ride',14.7672,0,0
8732885041,Lesence - Balatonederics k√∂r,2023-03-18 07:32:35+00:00,17.8018,71.38333333333334,208.7,root='Ride',14.961599999999999,0,0
8729591450,P√©nteki Lesence k√∂r,2023-03-17 14:32:34+00:00,12.094899999999999,48.6,176.2,root='Ride',14.932799999999999,0,0
8724856413,Lesence k√∂r,2023-03-16 17:02:26+00:00,10.4978,43.75,158.7,root='Ride',14.3964,0,0
8707121478,Keszthelyre,2023-03-13 09:19:04+00:00,52.3049,217.86666666666667,195.2,root='Ride',14.4036,0,0
8700217889,Ederics plusz,2023-03-12 08:19:40+00:00,20.5523,91.33333333333333,175.6,root='Ride',13.5,0,0
8695345652,Tavaszias Lesence k√∂r,2023-03-11 11:24:23+00:00,11.397,49.61666666666667,162.2,root='Ride',13.7808,0,0
8686779948,Turul fel-le,2023-03-09 17:04:21+00:00,3.5479000000000003,47.45,161.5,root='Hike',4.4856,0,0
8662249876,K√°polna k√∂r,2023-03-05 08:54:55+00:00,12.5212,60.18333333333333,182.2,root='Ride',12.4848,0,0
8657473145,A k√°poln√°hoz,2023-03-04 10:36:13+00:00,34.0716,130.0,230.7,root='Ride',15.724800000000002,0,0
8652851777,Tavasz!,2023-03-03 14:43:11+00:00,11.0078,42.96666666666667,155.7,root='Ride',15.371999999999998,0,0
8631426209,Levezet≈ë,2023-02-27 16:57:02+00:00,7.935899999999999,32.583333333333336,29.7,root='Ride',14.612400000000001,0,0
8623536340,K√°poln√°k k√∂z√∂tt,2023-02-26 08:48:19+00:00,10.9191,50.233333333333334,171.5,root='Ride',13.042800000000002,0,0
8620160840,Barka,2023-02-25 14:59:03+00:00,11.5864,49.8,168.2,root='Ride',13.9608,0,0
8614529142,Lesence k√∂r d√©lut√°n,2023-02-24 14:26:05+00:00,10.7358,44.13333333333333,158.7,root='Ride',14.594400000000002,0,0
8610060887,M√©g a s√∂t√©ted√©s el≈ëtt,2023-02-23 16:55:28+00:00,9.8376,41.46666666666667,153.3,root='Ride',14.2344,0,0
8593312098,Levezet≈ë,2023-02-20 16:52:19+00:00,8.5546,32.55,38.5,root='Ride',15.768,0,0
8585348406,Lesence k√∂r,2023-02-19 09:11:16+00:00,11.3538,53.15,160.2,root='Ride',12.816,0,0
8579945775,Uzsa d√©lel≈ëtt,2023-02-18 10:16:44+00:00,10.678600000000001,44.86666666666667,68.4,root='Ride',14.2812,0,0
8576347748,D√©lut√°ni laz√≠t√≥s,2023-02-17 14:43:57+00:00,15.421,66.86666666666666,179.5,root='Ride',13.8384,0,0
8546703113,Uzsa - Lesence,2023-02-12 08:34:29+00:00,13.9604,69.01666666666667,192.8,root='Ride',12.1356,0,0
8537607364,Balatonederics j√©gben,2023-02-10 14:32:54+00:00,20.8109,90.71666666666667,180.1,root='Ride',13.7628,0,0
8507384962,Uzsa!,2023-02-05 08:28:56+00:00,11.723,50.15,77.7,root='Ride',14.0256,0,0
8498327881,K√©t es≈ë k√∂z√∂tt,2023-02-03 14:36:08+00:00,10.6875,46.5,158.6,root='Ride',13.7916,0,0
8449202015,T√©li Keszthely,2023-01-25 09:12:01+00:00,50.895900000000005,223.38333333333333,235.4,root='Ride',13.6692,0,0
8426192819,Havaz√°s el≈ëtti r√∂vid,2023-01-21 10:02:55+00:00,7.9395,37.81666666666667,56.3,root='Ride',12.596400000000001,0,0
8425988550,Folytat√≥dik...,2023-01-21 09:45:16+00:00,3.2173000000000003,15.433333333333334,12.7,root='Ride',12.506400000000001,0,0
8407526919,Az esti s√©ta,2023-01-17 18:25:57+00:00,1.2338,12.733333333333333,11.3,root='Hike',5.814,0,0
8394539619,√Årkon-bokron √°t,2023-01-15 09:50:51+00:00,13.2144,71.63333333333334,249.2,root='Ride',11.07,0,0
8389266417,Szigliget s√°rban v√≠zben,2023-01-14 10:13:00+00:00,25.578200000000002,104.73333333333333,151.6,root='Ride',14.652000000000001,0,0
8385363667,S√°r! - kis k√∂r,2023-01-13 15:01:37+00:00,12.818200000000001,60.81666666666667,176.8,root='Ride',12.6468,0,0
8351528602,Erdei utakon,2023-01-07 10:28:09+00:00,13.2594,81.61666666666666,285.9,root='Ride',9.748800000000001,1,0
8347401525,Naps√ºt√∂tte kis k√∂r uzsonn√°ra,2023-01-06 14:29:02+00:00,11.6919,49.63333333333333,161.0,root='Ride',14.133600000000001,0,0
8319465503,Az √∫j √©v els≈ë k√∂re,2023-01-01 09:35:03+00:00,11.610299999999999,48.43333333333333,157.9,root='Ride',14.382000000000001,0,0
8316335685,Tavaszias szilveszteri k√∂r,2022-12-31 13:52:46+00:00,12.040899999999999,51.35,175.0,root='Ride',14.0688,0,0
8310827227,Tomaj - Gyenes - Tomaj,2022-12-30 09:27:08+00:00,44.786199999999994,180.85,208.4,root='Ride',14.857199999999999,0,0
8301161701,Hegyi k√∂r,2022-12-28 08:46:55+00:00,16.2588,92.66666666666667,263.1,root='Ride',10.5264,0,0
8292043956,Fel √©s le,2022-12-26 09:54:46+00:00,10.827,56.38333333333333,174.5,root='Ride',11.520000000000001,0,0
8288845243,Uzsa - Lesencetomaj,2022-12-25 10:45:27+00:00,5.5768,22.266666666666666,24.3,root='Ride',15.026400000000002,0,0
8288736992,Az Uzsai ker√©kp√°r√∫t,2022-12-25 09:37:58+00:00,13.6954,61.81666666666667,117.1,root='Ride',13.291200000000002,0,0
8288532496,Balatonederics reggel,2022-12-25 08:58:59+00:00,8.6292,37.583333333333336,64.5,root='Ride',13.7772,0,0
8281770149,Kis k√∂r...,2022-12-23 12:31:55+00:00,9.566600000000001,46.68333333333333,124.5,root='Ride',12.294,0,0
8278255462,Uzsa,2022-12-22 13:02:34+00:00,10.3146,54.65,56.3,root='Ride',11.3256,0,0
8277979306,A k√≠s√©r≈ë,2022-12-22 12:14:30+00:00,5.9681999999999995,30.466666666666665,85.3,root='Ride',11.754000000000001,0,0
8277783391,K√∂d √©s s√°r,2022-12-22 09:46:15+00:00,25.219,117.61666666666666,181.3,root='Ride',12.8664,0,0
8273806564,Szigliget - Tapolca keny√©rg√°zzal,2022-12-21 08:44:32+00:00,31.7784,132.93333333333334,151.4,root='Ride',14.3424,0,0
8263430662,D√©lut√°ni kis k√∂r,2022-12-18 14:44:24+00:00,10.4745,46.06666666666667,158.6,root='Ride',13.644,0,0
8261688400,Reggeli Uzsa,2022-12-18 09:00:35+00:00,12.616,58.1,74.4,root='Ride',13.028400000000001,0,0
8239253176,Balatongy√∂r√∂k,2022-12-12 10:12:48+00:00,33.7121,147.86666666666667,201.2,root='Ride',13.68,0,0
8235949611,Kajak√≥ma elleni k√∂r,2022-12-11 14:05:10+00:00,11.934299999999999,52.166666666666664,157.9,root='Ride',13.7268,0,0
8234408697,Szem sz√°r√≠t√≥ sz√©l,2022-12-11 09:11:33+00:00,9.3436,42.983333333333334,47.4,root='Ride',13.042800000000002,0,0
8214233484,Mikul√°s napi k√∂r,2022-12-06 10:09:20+00:00,36.922,156.9,188.3,root='Ride',14.119200000000001,0,0
8209835993,K√∂d√∂s t√©li d√©lel≈ëtt,2022-12-05 09:14:10+00:00,35.0724,149.38333333333333,221.8,root='Ride',14.0868,0,0
8201565837,Lesz√°ll a k√∂d,2022-12-03 12:57:05+00:00,11.6604,52.95,162.2,root='Ride',13.212,0,0
8197706887,Mocorg√°s a havas s√°rban,2022-12-02 14:46:13+00:00,7.6057,29.25,48.0,root='Ride',15.6024,0,0
8176124223,D√©lut√°ni kis k√∂r,2022-11-27 14:27:03+00:00,14.110899999999999,53.61666666666667,166.1,root='Ride',15.7896,0,0
8166707648,P√©ntek!,2022-11-25 14:29:20+00:00,21.9845,98.88333333333334,269.6,root='Ride',13.338000000000001,0,0
8162714357,X,2022-11-24 17:11:55+00:00,0.5497000000000001,7.8,2.9,root='Hike',4.23,0,0
8148416528,≈êszi Vonyarcvashegy,2022-11-21 10:12:41+00:00,40.2061,175.25,200.0,root='Ride',13.766399999999999,0,0
8144935227,Uzsonna,2022-11-20 15:13:08+00:00,7.9843,32.233333333333334,32.5,root='Ride',14.860800000000001,0,0
8138558542,Szigliget - Hegymagas,2022-11-19 09:23:48+00:00,32.2167,135.0,198.5,root='Ride',14.3172,0,0
8135236820,D√©lut√°ni levezet≈ë teker√©s,2022-11-18 14:55:23+00:00,12.1715,48.5,165.5,root='Ride',15.0588,0,0
8131169804,Esti levezet≈ë,2022-11-17 17:03:21+00:00,0.4131,2.9,2.3,root='Run',8.5464,0,0
8124488087,Reggeli s√©ta,2022-11-16 04:40:22+00:00,1.1003,13.75,0.0,root='Hike',4.8024000000000004,0,0
8122220329,Turul a korai s√∂t√©tben,2022-11-15 16:58:45+00:00,3.8243,57.96666666666667,163.4,root='Hike',3.9600000000000004,0,0
8110273049,D√©lel≈ëtti k√∂r,2022-11-13 09:29:23+00:00,10.8375,46.6,151.7,root='Ride',13.9536,0,0
8105382308,Szigligeti gyors,2022-11-12 09:26:48+00:00,26.0805,104.51666666666667,170.9,root='Ride',14.9724,0,0
8102052622,Cs√∫csh√≥d√≠t√°s :),2022-11-11 15:08:33+00:00,16.642799999999998,64.55,152.0,root='Ride',15.469199999999999,0,0
8097492402,Kis esti,2022-11-10 16:52:58+00:00,7.2726999999999995,29.0,43.6,root='Ride',15.048,0,0
8087944407,Esti s√©ta,2022-11-08 16:55:50+00:00,6.3085,82.6,180.9,root='Hike',4.5828,0,0
8075799280,D√©lel≈ëtti bemeleg√≠t≈ë,2022-11-06 09:46:11+00:00,14.139100000000001,58.3,163.8,root='Ride',14.5512,0,0
8071626296,Szeles kis k√∂r,2022-11-05 12:01:07+00:00,21.7303,91.78333333333333,236.6,root='Ride',14.2056,0,0
8063213225,5 √≥rai s√∂t√©ts√©g,2022-11-03 16:53:40+00:00,13.5978,47.983333333333334,127.9,root='Ride',17.0028,0,0
8053016382,Uzsonna,2022-11-01 15:29:40+00:00,7.4258999999999995,29.85,21.3,root='Ride',14.9256,0,0
8050868533,Faluk√∂r,2022-11-01 07:56:58+00:00,11.890600000000001,47.71666666666667,159.9,root='Ride',14.9508,0,0
8046165416,Egy gyors reggeli,2022-10-31 08:00:43+00:00,11.1063,42.3,65.7,root='Ride',15.753600000000002,0,0
8040533920,Reggeli s√©ta,2022-10-30 08:41:14+00:00,2.2247,26.2,33.3,root='Hike',5.094,0,0
8036213145,Intersport T√∫ranap K√∂z√©pt√°v,2022-10-29 08:09:28+00:00,22.002599999999997,280.71666666666664,806.0,root='Hike',4.7016,0,0
8031816800,A t√≥ k√∂r√ºl,2022-10-28 14:29:36+00:00,1.7245,22.95,4.7,root='Hike',4.5072,0,0
8027849679,Turul + bev√°s√°rl√°s :),2022-10-27 16:53:07+00:00,3.8911,57.233333333333334,168.0,root='Hike',4.0788,0,0
8017492442,Esti kis k√∂r,2022-10-25 16:58:51+00:00,10.9307,44.31666666666667,155.7,root='Ride',14.7996,0,0
8012280055,Uzsa,2022-10-24 16:10:49+00:00,10.758700000000001,43.833333333333336,65.9,root='Ride',14.7276,0,0
8011343768,Haza√∫t,2022-10-24 11:51:21+00:00,14.0169,56.1,97.2,root='Ride',14.9904,0,0
8011130806,Balatongy√∂r√∂k ≈ësszel,2022-10-24 10:53:59+00:00,14.263200000000001,53.36666666666667,91.8,root='Ride',16.034399999999998,0,0
8007613095,Vas√°rnapi uzsonna,2022-10-23 15:46:29+00:00,6.5676000000000005,23.266666666666666,12.1,root='Ride',16.938000000000002,0,0
8005304241,Misztikus k√∂dben,2022-10-23 09:03:59+00:00,11.4755,47.483333333333334,65.7,root='Ride',14.500799999999998,0,0
8000263809,Napi bemeleg√≠t√©s,2022-10-22 10:02:22+00:00,11.5402,45.28333333333333,68.2,root='Ride',15.2892,0,0
7997257710,Szigliget!,2022-10-21 14:36:13+00:00,35.7414,135.98333333333332,222.5,root='Ride',15.771600000000001,0,0
7982879783,L√©pcs≈ë!,2022-10-18 16:58:55+00:00,4.016,60.81666666666667,173.7,root='Hike',3.9636,0,0
7973135505,D√©lut√°ni levezet≈ë,2022-10-16 16:57:42+00:00,10.522200000000002,37.266666666666666,31.3,root='Ride',16.9416,0,0
7970085939,Uzsa - Nemesvita - Lesencefalu,2022-10-16 09:00:52+00:00,22.284599999999998,84.36666666666666,196.9,root='Ride',15.8472,0,0
7962260622,P√©nteki kis k√∂r,2022-10-14 17:09:22+00:00,14.751,59.7,170.5,root='Ride',14.824800000000002,0,0
7957562224,Felkapcsolva!,2022-10-13 17:20:18+00:00,12.0767,52.083333333333336,164.9,root='Ride',13.914000000000001,0,0
7949700262,Reggelem,2022-10-12 04:40:19+00:00,1.3294000000000001,15.583333333333334,0.0,root='Hike',5.1192,0,0
7947131601,Turul vizit,2022-10-11 16:55:50+00:00,4.7598,73.96666666666667,191.1,root='Hike',3.8628,0,0
7936612621,Laza uzsonna,2022-10-09 15:44:42+00:00,7.013,25.016666666666666,21.4,root='Ride',16.8192,0,0
7930582527,Z√°dor v√°r,2022-10-08 13:27:58+00:00,3.2074000000000003,69.86666666666666,80.3,root='Hike',2.754,0,0
7929071013,Frissen - fitten,2022-10-08 09:49:02+00:00,16.1698,67.88333333333334,182.3,root='Ride',14.292000000000002,0,0
7925550700,≈êszi strand,2022-10-07 14:34:41+00:00,22.1313,89.33333333333333,198.0,root='Ride',14.864399999999998,0,0
7921130106,T√∫l r√∂videk a nappalok,2022-10-06 17:00:12+00:00,15.7481,61.1,166.3,root='Ride',15.465600000000002,0,0
7910671260,D√©lut√°ni l√©pcs≈ëz√©s,2022-10-04 16:57:33+00:00,4.0343,59.25,195.5,root='Hike',4.086,0,0
7900830414,Esti levezet≈ë,2022-10-02 17:09:15+00:00,8.3005,31.533333333333335,33.1,root='Ride',15.793199999999999,0,0
7898269004,≈êszi tekerg≈ës,2022-10-02 09:49:24+00:00,17.1558,71.35,167.9,root='Ride',14.425199999999998,0,0
7892511232,Es≈ë!!,2022-10-01 08:02:23+00:00,4.8638,16.333333333333332,13.0,root='Ride',17.8668,0,0
7875316298,Turul gyorsvizit,2022-09-27 16:56:16+00:00,3.3981999999999997,46.416666666666664,159.3,root='Hike',4.392,1,0
7859486473,≈êszi Keszthely,2022-09-24 12:27:08+00:00,53.2849,202.05,189.7,root='Ride',15.822,0,0
7854856361,Lesencefalu - Uzsa,2022-09-23 16:30:11+00:00,18.5905,73.51666666666667,207.3,root='Ride',15.174,0,0
7849971734,D√©lut√°ni fel-le,2022-09-22 17:00:13+00:00,17.917,70.66666666666667,192.0,root='Ride',15.2136,0,0
7826931235,Szigliget ≈ësszel,2022-09-18 10:29:21+00:00,26.2278,103.48333333333333,158.8,root='Ride',15.2064,0,0
7822770696,K√©t es≈ë k√∂z√∂tt,2022-09-17 16:03:29+00:00,7.8056,27.45,88.6,root='Ride',17.0604,0,0
7802271186,Turul fel-le,2022-09-13 17:07:19+00:00,4.951,69.93333333333334,201.4,root='Hike',4.248,0,0
7790376737,Gerecs√©ben mindenfel√© ,2022-09-11 11:02:57+00:00,13.705,131.35,461.3,root='Hike',6.260400000000001,0,0
7780064009,Gerecs√©ben √∂ssze-vissza,2022-09-09 14:32:23+00:00,9.629700000000001,104.91666666666667,250.7,root='Hike',5.508,0,0
7775401045,Turul-Belv√°ros,2022-09-08 17:28:43+00:00,1.4011,19.216666666666665,3.4,root='Hike',4.3740000000000006,0,0
7775287287,Fel a Turulhoz,2022-09-08 16:52:22+00:00,2.2809,25.666666666666668,156.1,root='Hike',5.331600000000001,0,0
7764480633,Levezet≈ë tekerg√©s,2022-09-06 17:11:36+00:00,13.961799999999998,49.28333333333333,158.4,root='Ride',16.999200000000002,0,0
7753412208,T√°tik√°r√≥l le,2022-09-04 14:24:08+00:00,2.6214,46.2,3.3,root='Hike',3.4055999999999997,0,0
7752852112,T√°tik√°ra fel,2022-09-04 12:40:26+00:00,3.2471,62.11666666666667,225.0,root='Hike',3.1356,0,0
7747574952,A haza√∫t,2022-09-03 14:49:21+00:00,20.975099999999998,73.68333333333334,148.8,root='Ride',17.0784,2,0
7747075006,Lesencetomaj - R√©vf√ºl√∂p ,2022-09-03 10:17:27+00:00,50.1546,203.4,236.1,root='Ride',14.796000000000001,3,0
7742966691,Keszthelyi tekerg√©s,2022-09-02 15:01:01+00:00,50.5473,207.91666666666666,194.8,root='Ride',14.5872,0,0
7737608665,≈êsz :(,2022-09-01 17:27:14+00:00,20.556099999999997,82.23333333333333,165.8,root='Ride',14.997600000000002,0,0
7732291463,Szigliget ker√ºl≈ë,2022-08-31 17:23:09+00:00,34.6181,113.93333333333334,216.7,root='Ride',18.2304,0,0
7726485354,Esti tekerg√©s,2022-08-30 18:18:34+00:00,14.1782,52.1,170.2,root='Ride',16.3296,0,0
7720973280,Szigligeti k√∂r,2022-08-29 17:15:23+00:00,34.618900000000004,109.21666666666667,217.6,root='Ride',19.018800000000002,1,0
7699014242,Esti kis k√∂r ,2022-08-25 18:20:46+00:00,15.9205,56.13333333333333,166.4,root='Ride',17.017200000000003,0,0
7693180979,Menek√ºl√©s az es≈ë el≈ël,2022-08-24 18:21:14+00:00,5.908600000000001,18.65,85.1,root='Ride',19.008000000000003,0,0
7687434411,Esti tekerg√©s,2022-08-23 18:22:07+00:00,12.0366,44.016666666666666,153.1,root='Ride',16.4088,0,0
7648936722,Szigliget este,2022-08-16 17:28:50+00:00,34.5667,113.88333333333334,216.7,root='Ride',18.212400000000002,2,0
7643030711,Strandk√∂r,2022-08-15 17:05:53+00:00,23.589,85.86666666666666,177.9,root='Ride',16.4844,0,0
7635587608,Keszthelyi d√©lel≈ëtt,2022-08-14 08:05:51+00:00,58.4164,206.91666666666666,195.0,root='Ride',16.938000000000002,0,0
7626825852,Esti tekerg≈ë,2022-08-12 18:43:22+00:00,11.7401,41.31666666666667,164.6,root='Ride',17.049599999999998,0,0
7621221257,Balatonederics #2,2022-08-11 17:12:00+00:00,20.8828,77.45,190.6,root='Ride',16.1784,0,0
7616096933,Balatonederics,2022-08-10 18:30:58+00:00,20.4313,76.58333333333333,170.4,root='Ride',16.0056,0,0
7610214657,Esti Balaton,2022-08-09 18:25:50+00:00,20.2761,73.51666666666667,170.4,root='Ride',16.549200000000003,0,0
7604074250,Esti k√∂r,2022-08-08 17:52:58+00:00,13.5022,52.81666666666667,167.1,root='Ride',15.3396,0,0
7595984848,Szigliget k√∂r,2022-08-07 08:01:03+00:00,34.8879,126.71666666666667,222.1,root='Ride',16.520400000000002,0,0
7590739719,Keszthelyi d√©lel≈ëtt ,2022-08-06 07:58:43+00:00,49.235099999999996,177.41666666666666,192.4,root='Ride',16.650000000000002,0,0
7588028208,R√∂vid√ºlnek a nappalok?!,2022-08-05 19:17:17+00:00,11.0059,37.0,148.3,root='Ride',17.8488,0,0
7582817484,Esti k√∂r,2022-08-04 19:14:27+00:00,13.253200000000001,46.95,158.3,root='Ride',16.938000000000002,0,0
7577251486,Esti kis k√∂r,2022-08-03 19:17:39+00:00,12.8035,44.63333333333333,156.8,root='Ride',17.2116,0,0
7571149718,Esti kis k√∂r ,2022-08-02 18:28:46+00:00,16.0763,59.05,169.9,root='Ride',16.3332,0,0
7558223799,"H√°tsz√©l n√©lk√ºl, szemsz√°r√≠t√°s",2022-07-31 09:29:45+00:00,44.0229,152.96666666666667,194.4,root='Ride',17.269199999999998,1,0
7553564351,Es≈ë ut√°ni tekerg√©s,2022-07-30 15:08:06+00:00,10.4467,38.43333333333333,151.5,root='Ride',16.308,0,0
7549204171,Keszthely - Lesencetomaj,2022-07-29 17:22:19+00:00,24.9806,93.95,104.0,root='Ride',15.955200000000001,0,0
7548693260,Lesencetomaj - Keszthely,2022-07-29 14:52:24+00:00,31.0122,119.96666666666667,90.4,root='Ride',15.508799999999999,0,0
7543994878,Esti kis k√∂r ,2022-07-28 18:41:40+00:00,9.7812,35.81666666666667,151.4,root='Ride',16.3872,0,0
7538647450,Lesencefalu - Lesenceistv√°nd,2022-07-27 19:04:56+00:00,13.956299999999999,51.38333333333333,163.1,root='Ride',16.2972,0,0
7532006731,"Kis k√∂r, nagy meleg",2022-07-26 17:00:24+00:00,10.0861,36.45,151.4,root='Ride',16.6032,0,0
7526871783,Mini,2022-07-25 18:22:47+00:00,6.6538,23.633333333333333,85.0,root='Ride',16.8912,0,0
7518762853,Balatonederics - Szigliget,2022-07-24 07:03:54+00:00,30.675900000000002,113.91666666666667,186.3,root='Ride',16.1568,0,0
7513490539,Keszthelyi reggeli,2022-07-23 07:00:49+00:00,50.5015,176.26666666666668,192.8,root='Ride',17.19,1,0
7511176819,Esti tekerg≈ë,2022-07-22 19:07:24+00:00,13.6315,46.81666666666667,156.9,root='Ride',17.4708,0,0
7506088998,Esti kilom√©terek,2022-07-21 19:16:48+00:00,12.7911,44.9,159.5,root='Ride',17.0928,0,0
7489829487,Esti kis k√∂r,2022-07-18 18:41:25+00:00,10.1211,36.0,151.3,root='Ride',16.869600000000002,0,0
7482340556,Keszthelyi reggeli,2022-07-17 07:59:33+00:00,49.6774,174.21666666666667,192.6,root='Ride',17.1072,1,0
7476967867,Badacsonyi tekerg√©s,2022-07-16 08:13:20+00:00,51.058699999999995,176.28333333333333,323.9,root='Ride',17.377200000000002,6,0
7473502477,Sok a sz√∫nyog!,2022-07-15 17:09:30+00:00,9.075299999999999,33.61666666666667,44.5,root='Ride',16.1964,0,0
7457530323,D√©lut√°ni kis k√∂r,2022-07-12 18:08:20+00:00,10.6185,42.333333333333336,157.0,root='Ride',15.0516,0,0
7451815919,Lesencefalu - Lesenceistv√°nd,2022-07-11 17:16:18+00:00,11.291799999999999,49.31666666666667,171.1,root='Ride',13.7376,0,0
7444984387,Keszthely vas√°rnap,2022-07-10 08:44:25+00:00,54.3437,208.38333333333333,188.8,root='Ride',15.6456,1,0
7435330590,Horror,2022-07-08 15:14:38+00:00,10.4047,44.733333333333334,149.1,root='Ride',13.9572,0,0
7419825621,Nemesvita - Lesencefalu,2022-07-05 17:42:48+00:00,12.6912,49.9,140.2,root='Ride',15.2604,0,0
7414903571,Esti tekerg√©s,2022-07-04 18:38:16+00:00,14.5172,57.016666666666666,171.9,root='Ride',15.2784,0,0
7406591558,Lesencetomaj - Vonyarc - Lesencetomaj,2022-07-03 07:33:26+00:00,39.4938,143.81666666666666,191.0,root='Ride',16.4772,0,0
7402237951,Keszthely - Szigliget - Lesencetomaj,2022-07-02 09:53:45+00:00,57.754599999999996,208.63333333333333,209.8,root='Ride',16.6104,1,0
7393995987,Esti tekerg√©s,2022-06-30 19:15:46+00:00,9.341899999999999,34.3,47.5,root='Ride',16.3404,0,0
7388770766,Esti j√∂v√©s - men√®s,2022-06-29 19:26:39+00:00,7.9503,28.016666666666666,26.6,root='Ride',17.0244,0,0
7360604041,Keszthely + egy kicsi,2022-06-24 09:59:34+00:00,61.432,236.98333333333332,209.5,root='Ride',15.552000000000001,0,0
7346026828,Esti kis k√∂r,2022-06-21 18:54:27+00:00,11.4166,42.93333333333333,155.3,root='Ride',15.955200000000001,0,0
7340370950,Esti tekerg√©s,2022-06-20 19:01:29+00:00,8.1298,30.633333333333333,28.1,root='Ride',15.9228,0,0
7332623997,C√©l: Balatongy√∂r√∂k,2022-06-19 08:09:15+00:00,30.6472,118.81666666666666,189.2,root='Ride',15.476400000000002,1,0
7328597914,Lesencetomaj-R√©vf√ºl√∂p-Lesencetomaj,2022-06-18 09:03:43+00:00,76.8901,295.18333333333334,403.8,root='Ride',15.627600000000001,2,0
7319679787,Es≈ë el≈ëtti mini,2022-06-16 19:15:47+00:00,6.368399999999999,20.083333333333332,18.7,root='Ride',19.026,0,0
7313984933,Fel - le - fel - le,2022-06-15 18:20:42+00:00,13.4835,55.36666666666667,178.2,root='Ride',14.612400000000001,0,0
7313986101,Fel - le - fel - le,2022-06-15 16:20:41+00:00,13.488299999999999,55.36666666666667,0.0,root='Ride',14.616,0,0
7308225755,Esti kis k√∂r,2022-06-14 18:16:39+00:00,11.7552,46.233333333333334,156.4,root='Ride',15.256800000000002,0,0
7303035193,Es≈ë ut√°ni j√∂v√©s - men√®s,2022-06-13 19:06:35+00:00,9.908299999999999,37.5,45.7,root='Ride',15.8544,0,0
7298380998,Esti nagy k√∂r,2022-06-12 19:04:37+00:00,10.0957,37.666666666666664,151.2,root='Ride',16.0812,0,0
7291609960,Lesencetomaj - Balatonber√©ny - Lesencetomaj,2022-06-11 11:59:56+00:00,77.5583,287.7,229.7,root='Ride',16.1748,4,0
7285749312,Sz√©llel szemben is lehet... tekerni!,2022-06-10 15:45:39+00:00,10.657200000000001,40.65,149.4,root='Ride',15.728399999999999,0,0
7275631271,J√∂v√©s-men√©s,2022-06-08 17:14:43+00:00,6.022399999999999,21.233333333333334,35.8,root='Ride',17.017200000000003,0,0
7270887936,Lesencetomaj-Uzsa-Lesencetomaj,2022-06-07 18:53:28+00:00,11.325299999999999,37.483333333333334,68.7,root='Ride',18.1296,0,0
7262891581,Lesencetomaj - Szigliget - Lesencetomaj,2022-06-06 08:24:52+00:00,26.2935,104.96666666666667,174.4,root='Ride',15.03,0,0
7257850339,Keszthely - Lesencetomaj,2022-06-05 09:45:01+00:00,29.5631,112.45,104.3,root='Ride',15.7752,1,0
7257204285,Reggeli Keszthely + egy kicsi,2022-06-05 07:54:28+00:00,28.8642,100.03333333333333,87.1,root='Ride',17.3124,1,0
7249302940,Lesencetomaj - Keszthely - Lesencetomaj,2022-06-03 16:11:34+00:00,51.2774,180.56666666666666,167.3,root='Ride',17.0388,3,0
7232782281,Lesencei j√∂v√©s-men√®s,2022-05-31 18:02:39+00:00,11.2724,42.56666666666667,156.7,root='Ride',15.8904,0,0
7227153382,K√©t es≈ë k√∂z√∂tt :(,2022-05-30 17:22:28+00:00,5.763199999999999,21.516666666666666,31.9,root='Ride',16.070400000000003,0,0
7216672610,Lesencetomaj-Szigliget-Vonyarc-Lesencetomaj,2022-05-28 13:33:32+00:00,46.0724,178.13333333333333,225.7,root='Ride',15.5196,2,0
7211342342,Lesencetomaj - Szigliget - Lesencetomaj,2022-05-27 15:10:07+00:00,28.737099999999998,102.63333333333334,188.1,root='Ride',16.8012,0,0
7195842829,Esti kis k√∂r,2022-05-24 18:00:16+00:00,11.436200000000001,42.166666666666664,151.3,root='Ride',16.272,0,0
7190597455,Ltomaj-Lfalu-Listv√°nd-Ltomaj ,2022-05-23 17:57:25+00:00,10.1415,38.36666666666667,151.2,root='Ride',15.8616,0,0
7190279024,Es≈ë :( :(,2022-05-23 17:28:22+00:00,0.7717,3.1666666666666665,15.8,root='Ride',14.6232,0,0
7185824142,Lesencetomaj - Uzsa - Lesencetomaj,2022-05-22 17:18:23+00:00,10.6984,38.916666666666664,65.5,root='Ride',16.4952,0,0
7179071790,Badacsony - Lesencetomaj,2022-05-21 14:49:06+00:00,20.903299999999998,73.43333333333334,146.3,root='Ride',17.0784,0,0
7178441474,Lesencetomaj - Badacsony,2022-05-21 12:55:55+00:00,22.6534,76.56666666666666,138.5,root='Ride',17.7516,0,0
7174379150,10 + 30(Celsius),2022-05-20 17:32:19+00:00,10.253,32.28333333333333,56.2,root='Ride',19.0548,0,0
7158148810,Ltomaj - Uzsa - Ltomaj,2022-05-17 17:11:57+00:00,15.236600000000001,61.916666666666664,198.9,root='Ride',14.7636,0,0
7152680202,D√©lut√°ni nagy k√∂r,2022-05-16 17:04:14+00:00,18.519299999999998,71.36666666666666,206.0,root='Ride',15.57,0,0
7142297547,Keszthely - Lesencetomaj,2022-05-14 17:16:29+00:00,25.4243,102.78333333333333,104.7,root='Ride',14.8428,2,0
7141444305,Lesencetomaj - Keszthely,2022-05-14 15:31:39+00:00,25.1597,82.63333333333334,80.0,root='Ride',18.27,4,0
7136562145,Tomaj-Gyenes-Tomaj,2022-05-13 16:39:11+00:00,45.1735,159.38333333333333,188.7,root='Ride',17.006400000000003,0,0
7130986854,Lesencetomaj - Balatonederics - Lesencetomaj,2022-05-12 16:52:18+00:00,22.1017,79.31666666666666,172.3,root='Ride',16.718400000000003,0,0
7125474302,D√©lut√°ni nagy k√∂r,2022-05-11 17:06:04+00:00,18.42,67.5,176.5,root='Ride',16.3728,0,0
7119704954,Ltomaj-Lfalu-Listv√°nd-Uzsa-Ltomaj,2022-05-10 17:03:05+00:00,17.703400000000002,74.08333333333333,211.1,root='Ride',14.3388,0,0
7113980488,Ltomaj-Listv√°nd-Uzsa-Lfalu-Ltomaj,2022-05-09 16:57:49+00:00,17.8628,72.46666666666667,206.9,root='Ride',14.788799999999998,0,0
7106071665,Ltomaj-Lfalu-Listv√°nd,2022-05-08 08:56:46+00:00,10.1811,39.96666666666667,155.4,root='Ride',15.285600000000002,0,0
7098373948,Ltomaj-Lfalu kis k√∂r,2022-05-06 19:14:36+00:00,5.903899999999999,20.35,85.1,root='Ride',17.406,0,0
7092839104,Ltomaj-Uzsa,2022-05-05 17:39:49+00:00,10.8075,40.25,62.3,root='Ride',16.11,0,0
7076385096,Es≈ë el≈ëtti kis k√∂r,2022-05-02 16:55:07+00:00,9.5805,35.8,51.1,root='Ride',16.056,0,0
7071514294,D√©lut√°ni kis k√∂r,2022-05-01 17:07:28+00:00,12.606200000000001,49.016666666666666,63.8,root='Ride',15.429599999999999,0,0
7065553729,Lesence-Uzsa,2022-04-30 16:50:30+00:00,11.3193,43.916666666666664,66.7,root='Ride',15.465600000000002,0,0
7055052179,Mini vonalas,2022-04-28 17:23:20+00:00,7.506,26.816666666666666,18.6,root='Ride',16.794,0,0
7028287638,"Gerecse 40, gy≈ëzelem a s√°r felett",2022-04-23 07:09:10+00:00,41.9719,501.0,1082.3,root='Hike',5.0256,0,0
7012915813,Tavaszi mini k√∂r,2022-04-20 17:16:07+00:00,9.3132,38.5,47.6,root='Ride',14.5152,0,0
7007566029,Kis k√∂r nagy sz√©llel szemben,2022-04-19 17:32:03+00:00,7.4862,23.916666666666668,18.6,root='Ride',18.7812,0,0
6986186107,Lesencetomaj - Lesencefalu,2022-04-15 16:45:26+00:00,5.936,27.483333333333334,85.3,root='Ride',12.96,0,0
6984125110,Mini k√∂r,2022-04-15 10:31:02+00:00,4.3217,17.15,7.9,root='Ride',15.120000000000001,0,0
6965297705,Napi k√∂r,2022-04-11 17:02:40+00:00,12.2592,47.96666666666667,68.1,root='Ride',15.336,0,0
6891017435,Edutus - Gapa 10 X 2,2022-03-27 09:49:03+00:00,19.696900000000003,187.31666666666666,377.2,root='Hike',6.3107999999999995,0,0
6846794433,Egy k√∂r a Normaf√°n,2022-03-19 09:15:50+00:00,6.788399999999999,95.78333333333333,162.8,root='Hike',4.251600000000001,0,0
